city,公司简称,公司全称,所属行业,工作地点,职位特点,薪资,经验,职位名称,firstType,secondType,职位标签,positionId,createTime
上海,英语流利说,上海流利说信息技术有限公司,"移动互联网,教育",杨浦区,"N+1奖金,硅谷系,私厨三餐,顶尖团队",15k-30k,不限,数据分析师,开发/测试/运维类,数据开发,"['高级', '大数据', '数据挖掘', 'R']",3473754,2017-09-16 16:28:45
上海,爱可生,上海爱可生信息技术股份有限公司,数据服务,徐汇区,"新三板,13薪,餐补,旅游",15k-30k,3-5年,大数据分析师,开发/测试/运维类,数据开发,"['电商', '数据挖掘']",3470095,2017-09-15 17:26:09
上海,口袋理财,上海鱼耀金融信息服务有限公司,"金融,移动互联网",长宁区,"五险一金,年终双薪",15k-25k,3-5年,数据分析,产品/需求/项目类,数据分析,"['金融', '支付', '可视化', '风控', '量化']",3347946,2017-09-15 18:01:55
上海,华院数据,华院数据技术（上海）有限公司,"企业服务,数据服务",杨浦区,发展空间大；五险一金；定期体检；各类补助,15k-25k,3-5年,大数据分析师,综合职能类,人力资源,['讲师'],2708205,2017-09-15 15:19:22
上海,帜讯信息,上海帜讯信息技术股份有限公司,"移动互联网,其他",浦东新区,每年加薪/补充公积金/体检/探亲假/交通,15k-24k,3-5年,数据分析师,开发/测试/运维类,数据开发,[],3468121,2017-09-15 10:03:21
上海,名片全能王,上海合合信息科技发展有限公司,移动互联网,杨浦区,"技术型公司,牛B的团队,良好的福利,弹性工作",15k-30k,3-5年,数据分析师,开发/测试/运维类,数据开发,"['算法', '数据挖掘', '机器学习', '大数据']",2723741,2017-09-15 16:26:58
上海,平安金服,深圳平安综合金融服务有限公司,"金融,数据服务",浦东新区,"大平台,绩效奖金,班车,体检",15k-20k,3-5年,数据分析岗,产品/需求/项目类,数据分析,"['业务运营', 'SQL', 'CRM', '系统分析']",3515677,2017-09-14 15:35:47
上海,瑞数信息,瑞数信息技术(上海)有限公司,信息安全,徐汇区,"股票期权,年终奖,尖端技术,行业前景",15k-25k,3-5年,数据分析师－上海,市场/商务/销售类,销售,"['信息安全', '销售', '数据挖掘', 'SPSS']",3480208,2017-09-15 13:46:57
上海,平安普惠,平安普惠企业管理有限公司,"金融,移动互联网",徐汇区,"薪资丰厚,福利齐全,发展空间大",15k-25k,不限,数据分析岗（上海）,产品/需求/项目类,数据分析,"['SPSS', 'sas']",3310240,2017-09-15 10:35:17
上海,链家上海研发中心,德佑房地产经纪有限公司,企业服务,静安区,"业内最专业,数据可视化,决策支持",12k-20k,3-5年,数据分析师,产品/需求/项目类,管理岗,"['资深', '高级', '专员']",2685435,2017-09-15 18:49:46
上海,个推,浙江每日互动网络科技股份有限公司,移动互联网,静安区,带薪年假 五险一金 生日Party 餐补,15k-25k,1-3年,数据分析师,设计,用户研究,['企业服务'],2551555,2017-09-14 10:40:14
上海,挖财,杭州财米科技有限公司,"移动互联网,金融",浦东新区,"期权激励,带薪年假,弹性工作,年底多薪",12k-24k,1-3年,高级数据分析师,市场与销售,市场/营销,"['电商', '大数据']",591162,2017-09-15 10:11:31
上海,内蒙古君正网贷,内蒙古君正互联网小额贷款有些公司,金融,浦东新区,"团队氛围好,发展空间大",15k-30k,3-5年,数据分析,开发/测试/运维类,数据开发,"['高级', '中级', '统计', 'SPSS', 'sas']",3560794,2017-09-07 13:49:43
上海,房多多,深圳市房多多网络科技有限公司,"移动互联网,O2O",闸北区,C轮，带薪年假，节日礼物，发展空间大,15k-25k,3-5年,数据分析师,产品/需求/项目类,数据分析,"['大数据', 'BI', '商业', 'SQL', 'growth']",3096804,2017-09-14 09:48:22
上海,齐家网,上海齐家网信息科技股份有限公司,"O2O ,生活服务",嘉定区,互联网，O2O电商，大公司，福利好，,10k-20k,3-5年,数据分析师,设计,数据分析,['电商'],1400255,2017-09-15 09:07:09
上海,英语流利说,上海流利说信息技术有限公司,"移动互联网,教育",杨浦区,"独角兽,硅谷氛围,免费三餐,海量数据",15k-25k,1-3年,数据分析师,技术,运维安全,"['云计算', '大数据', '数据挖掘', 'R']",2422954,2017-09-16 16:28:45
上海,帜讯信息,上海帜讯信息技术股份有限公司,"移动互联网,其他",浦东新区,每年加薪/补充公积金/晋升通道/交通补贴,16k-24k,5-10年,大数据数据分析师,设计,数据分析,[],2532521,2017-09-15 10:03:21
上海,融之家,上海融之家金融信息服务有限公司,"移动互联网,金融",杨浦区,晋升快，福利好，美女多,20K-30K,5-10年,数据分析师,金融类,风控,"['总监', '建模', '风控', '经理']",2989157,2017-09-15 11:55:16
上海,Putao,上海葡萄纬度科技有限公司,移动互联网,闵行区,平台稳定，发展空间大,15k-25k,不限,资深数据分析,产品/需求/项目类,数据分析,"['数据挖掘', 'SPSS']",2990511,2017-09-15 09:48:39
上海,前隆科技,上海前隆信息科技有限公司,金融,虹口区,发展快，牛人多,15k-30k,3-5年,数据分析师,开发/测试/运维类,数据开发,"['大数据', 'SPSS', 'sas']",2591746,2017-09-14 14:14:32
上海,厚本金融,上海厚本金融信息服务有限公司,金融,黄浦区,快速的职业成长、优秀的导师,15k-30k,3-5年,数据分析师/数据科学家,设计,数据分析,['金融'],2309078,2017-09-15 09:19:21
上海,名片全能王,上海合合信息科技发展有限公司,移动互联网,杨浦区,"牛逼的产品,人性化管理,弹性工作,学习型团队",15k-30k,1-3年,产品及运营分析师/数据分析师,开发/测试/运维类,软件开发,['大数据'],2723724,2017-09-15 16:26:57
上海,Teambition,上海汇翼信息科技有限公司,"移动互联网,企业服务",浦东新区,数据驱动 组织完善 团队精尖 待遇优厚,12k-20k,1-3年,数据分析师,产品/需求/项目类,数据分析,"['高级', 'BI', '可视化', '大数据', 'growth']",3396843,2017-09-15 09:18:45
上海,悠融资产,悠融资产管理（上海）有限公司,"移动互联网,金融",浦东新区,"上市集团,互联网氛围,人杰地灵,扁平化管理",10k-20k,3-5年,数据分析-市场营销方向,市场/商务/销售类,市场/营销,"['银行', '行业研究', '市场分析']",3380578,2017-09-16 12:28:31
上海,奇虎360金融,上海淇毓信息科技有限公司,"移动互联网,金融",浦东新区,试用期工资不打折，平台大，团队牛,15k-29k,1-3年,数据分析,开发/测试/运维类,数据开发,"['金融', '大数据', 'R', 'python']",2883496,2017-09-13 16:15:57
上海,透云科技,上海透云物联网科技有限公司,"移动互联网,数据服务",静安区,"上市公司,地铁周边,补充医疗",18k-30k,3-5年,数据分析师,产品/需求/项目类,数据分析,"['大数据', '业务运营', '数据挖掘']",3290715,2017-09-15 11:55:07
上海,达达-京东到家,上海趣盛网络科技有限公司,O2O,浦东新区,技术驱动、风口平台,15k-25k,3-5年,数据分析师,产品/需求/项目类,数据分析,"['大数据', '数据挖掘', 'SPSS', 'sas']",3183977,2017-09-15 10:13:07
上海,现金侠,上海利全信息科技服务有限公司,"移动互联网,金融",长宁区,"领导超赞,部门氛围好,水果下午茶,发展空间大",15k-25k,1-3年,数据分析师,产品/需求/项目类,数据分析,"['高级', 'BI', '数据挖掘', 'SPSS', 'sas']",3420974,2017-09-14 17:34:07
上海,Anavss,艾尼韦斯（上海）信息科技有限公司,"企业服务,数据服务",虹口区,"绩效奖金,年终奖金",15k-25k,3-5年,数据分析师,产品/需求/项目类,数据分析,"['大数据', '数据挖掘', '建模', 'SPSS']",3297839,2017-09-14 11:06:05
上海,链家上海研发中心,德佑房地产经纪有限公司,企业服务,静安区,"大数据平台,项目管理,培训多多,决策支持",10k-20k,1-3年,数据分析师,产品/需求/项目类,数据分析,"['高级', '大数据', '专员', '业务运营']",2678747,2017-09-15 18:01:28
上海,英语流利说,上海流利说信息技术有限公司,"移动互联网,教育",杨浦区,"独角兽,硅谷风,海量数据",18k-36k,3-5年,资深数据分析师,产品/需求/项目类,数据分析,"['高级', '大数据', '数据挖掘']",3352627,2017-09-16 16:28:46
上海,萨摩耶金服,深圳萨摩耶互联网金融服务有限公司,金融,浦东新区,"年终奖,期权,福利多,晋升快",13k-25k,3-5年,数据分析师/反欺诈策略分析师,金融类,风控,['风控'],3382986,2017-09-11 20:06:28
上海,算话征信,算话征信有限公司,"数据服务,移动互联网",长宁区,"优秀团队,股权期权,福利津贴,弹性工作",15k-30k,3-5年,数据分析工程师,产品/需求/项目类,数据分析,"['征信', '高级', '大数据', '数据挖掘', 'SPSS']",3192632,2017-09-15 18:11:58
上海,金丘股份,上海金丘实业股份有限公司,"金融,数据服务",浦东新区,待遇优厚，前景远大,15k-30k,1-3年,数据分析工程师,产品/需求/项目类,数据分析,"['金融', '高级', '大数据', '数据挖掘', 'SPSS']",3381626,2017-09-15 15:08:40
上海,上海善林金融信息服务有限公司,善林（上海）金融信息服务有限公司,金融,浦东新区,晋升空间 发展平台 公司前景 福利待遇,10k-20k,3-5年,数据分析,市场/商务/销售类,市场/营销,"['金融', '主管', '经理', '数字营销', 'SPSS']",3518784,2017-09-15 09:10:42
上海,天阳科技,天阳宏业科技股份有限公司,"企业服务,金融",浦东新区,挑战高薪,15k-25k,3-5年,中高级数据库开发/数据分析（急招）,开发/测试/运维类,数据开发,"['银行', '数据挖掘', '大数据']",2738418,2017-09-11 13:33:27
上海,华院数据,华院数据技术（上海）有限公司,"企业服务,数据服务",杨浦区,发展空间大；五险一金；定期体检；各类补助,15k-25k,1-3年,数据分析师,开发/测试/运维类,数据开发,['支付'],2672790,2017-09-15 15:19:23
上海,上海融腾集团,上海融腾资产管理集团有限公司,金融,静安区,"五险一金,做五休二,带薪年假,年终奖",15k-25k,3-5年,数据分析师,运营/编辑/客服,运营,"['大数据', '数据挖掘']",3497156,2017-09-15 10:31:57
上海,返利网,上海中彦信息科技有限公司,电子商务,,吃饭停车回家 旅游股票医疗 返利为你准备好,15k-25k,3-5年,资深数据分析师,技术,DBA,['大数据'],2445676,2017-09-15 09:42:06
上海,即刻,上海即果信息技术有限公司,移动互联网,杨浦区,"产品优秀,团队实力强,氛围自由,福利满满",10k-20k,1-3年,数据分析师,产品/需求/项目类,数据分析,"['大数据', '数据挖掘', 'SPSS', 'R']",3402184,2017-09-14 14:31:45
上海,饿了么,拉扎斯网络科技（上海）有限公司,移动互联网,普陀区,团队氛围好，发展空间大，平台大,15k-30k,1-3年,数据分析师,开发/测试/运维类,数据开发,"['资深', '高级', '大数据', '数据挖掘', 'SPSS']",3423543,2017-09-13 21:56:23
上海,平安付,平安付智能技术有限公司,金融,徐汇区,福利好,15k-25k,3-5年,JAVA应用研发工程师-数据分析,开发/测试/运维类,后端开发,[],2748548,2017-09-14 17:52:07
上海,灿福科技,上海灿福信息科技发展有限公司,"移动互联网,数据服务",长宁区,"领导技术牛,年轻小伙伴,专业性强,活动朵朵",12k-24k,1-3年,数据分析,开发/测试/运维类,数据开发,"['中级', '数据挖掘', 'sas']",3125926,2017-09-07 09:51:43
上海,HARB,哈步数据科技（上海）有限公司,企业服务,徐汇区,"创业团队,股权激励,上班灵活",15k-30k,1-3年,数据分析师,产品/需求/项目类,数据分析,"['大数据', 'BI', '可视化', '专员', '商业']",3186231,2017-08-25 18:24:54
上海,永辉超市股份有限公司,永辉超市股份有限公司,"电子商务,O2O",徐汇区,"合伙人,上市企业,500强",10k-20k,不限,数据分析师,开发/测试/运维类,数据开发,"['银行', '数据挖掘']",3612838,2017-09-15 10:20:22
上海,灿福科技,上海灿福信息科技发展有限公司,"移动互联网,数据服务",长宁区,"弹性工时,带薪年假,领导好,专业性强",15k-30k,5-10年,高级数据分析,产品/需求/项目类,数据分析,"['资深', '数据建模', 'SPSS', 'R']",3404723,2017-09-15 17:32:57
上海,云谏能源,上海云谏能源科技有限公司,"移动互联网,其他",浦东新区,五险一金、补充公积金、年终奖、绩效奖,15K-30K,5-10年,大数据分析师,开发/测试/运维类,数据开发,"['应用商店', '深度神经网络']",3236254,2017-09-14 17:05:39
上海,个推,浙江每日互动网络科技股份有限公司,移动互联网,静安区,平台 带薪年假 五险一金 餐补,20k-25k,3-5年,数据分析师,设计,数据分析,['企业服务'],2510659,2017-09-14 10:40:14
上海,链家上海研发中心,德佑房地产经纪有限公司,企业服务,静安区,大平台 高薪 高成长 O2O 挑战,15k-25k,3-5年,高级数据分析师,市场与销售,市场/营销,[],695553,2017-09-15 18:01:28
上海,饿了么,拉扎斯网络科技（上海）有限公司,移动互联网,普陀区,弹性工作、薪酬福利,13k-22k,3-5年,数据分析师,产品/需求/项目类,数据分析,"['本地生活', '大数据', '数据挖掘', '数据管理']",3485166,2017-08-20 09:49:54
上海,上海你我贷互联网金融信息服务,嘉银（上海）金融信息服务有限公司,金融,浦东新区,"专业培训,餐饮补贴,员工旅游",15k-30k,3-5年,数据分析师,开发/测试/运维类,数据开发,"['金融', '资深', '高级', '中级', '大数据']",3402429,2017-09-11 10:40:15
上海,好买基金网（联想腾讯注资企业）,好买财富管理股份有限公司,"电子商务,金融",虹口区,"五险一金,带薪年假,节日福利,员工旅游",15k-20k,1-3年,数据分析,产品/需求/项目类,数据分析,['金融'],2842678,2017-09-15 13:23:51
上海,寄云科技,北京寄云鼎城科技有限公司,"移动互联网,数据服务",徐汇区,工业大数据 物联网 带薪年假 扁平管理,15k-30k,3-5年,数据分析工程师,开发/测试/运维类,数据开发,"['资深', '高级', '数据挖掘', '大数据', 'python']",3419168,2017-09-12 11:32:36
上海,微盟,上海萌店信息科技有限公司,"移动互联网,电子商务",宝山区,五险一金，弹性工作时间，C轮融资,12k-15k,1-3年,数据分析师,开发/测试/运维类,数据开发,"['CRM', '用户研究']",3346632,2017-08-31 10:10:37
上海,Soul App,上海任意门科技有限公司,"社交网络,文化娱乐",青浦区,"高薪资,股权激励",15K-30K,3-5年,数据仓库与数据分析工程师,开发/测试/运维类,数据开发,"['大数据', '数据挖掘']",3151378,2017-09-15 10:12:28
上海,返利网,上海中彦信息科技有限公司,电子商务,徐汇区,吃饭停车回家 旅游股票医疗 返利为你准备好,15k-30k,5-10年,数据分析经理,技术,后端开发,"['大数据', '数据挖掘', 'SPSS']",1279796,2017-09-13 09:05:07
上海,上海英才,上海英才商务咨询有限公司,招聘,徐汇区,"硅谷氛围,管理扁平",15k-25k,1-3年,数据分析师,开发/测试/运维类,数据开发,"['数据挖掘', 'SPSS']",3554678,2017-08-31 15:59:04
上海,爱乐奇,上海钦文信息科技有限公司,移动互联网,浦东新区,"快速发展,朝阳行业,平台大,高福利",15k-25k,3-5年,高级数据分析师,开发/测试/运维类,数据开发,"['教育', '电商', '物流', '数据挖掘']",3272675,2017-09-15 15:40:09
上海,Udacity,勇大信息技术（上海）有限公司,"教育,招聘",徐汇区,优厚福利，热门行业，硅谷氛围，快速增长期,15k-25k,1-3年,数据分析师,产品/需求/项目类,数据分析,"['教育', '资深', '业务运营', '大数据', '数据挖掘']",3449015,2017-09-14 18:16:28
上海,上海容申,上海容申智能科技有限公司,移动互联网,闵行区,"技术大牛多,薪资待遇好",15k-25k,3-5年,数据分析工程师,开发/测试/运维类,数据开发,"['移动互联网', '广告营销', '大数据', 'SEM', '搜索']",3179048,2017-09-14 16:14:49
上海,饿了么,拉扎斯网络科技（上海）有限公司,移动互联网,普陀区,公司平台大 福利待遇好 团队氛围佳,15k-25k,3-5年,高级数据分析师,开发/测试/运维类,数据开发,"['金融', '信息安全', '数据挖掘', 'SPSS']",3170832,2017-09-16 18:42:22
上海,链家上海研发中心,德佑房地产经纪有限公司,企业服务,静安区,大平台 大数据 高成长 高挑战,18k-30k,5-10年,数据分析专家,市场与销售,市场/营销,['大数据'],1733587,2017-09-15 18:01:28
上海,好买基金网（联想腾讯注资企业）,好买财富管理股份有限公司,"电子商务,金融",虹口区,"腾讯,联想注资",15k-20k,3-5年,数据分析师,开发/测试/运维类,数据开发,"['金融', '数据挖掘']",3463321,2017-09-12 09:20:50
上海,Emucoo亦墨,上海亦墨信息科技有限公司,"移动互联网,企业服务",黄浦区,"五险一金,股票期权,数据管理,工作气氛好",15k-20k,3-5年,数据分析师,产品/需求/项目类,数据分析,"['金融', '大数据', '业务运营', 'SQL']",3609807,2017-09-14 15:12:12
上海,平安银行,平安银行股份有限公司,金融,徐汇区,福利优厚,20k-30k,3-5年,大数据分析师,开发/测试/运维类,数据开发,['算法'],2739425,2017-09-14 14:57:52
上海,营销,上海众聘信息科技有限公司,"移动互联网,广告营销",徐汇区,"提供住宿,工作氛围好,福利补贴,13薪",15k-30k,3-5年,数据分析师,产品/需求/项目类,数据分析,"['金融', 'BI', '可视化', '商业', 'R']",3382908,2017-09-11 09:37:36
上海,万行科技,上海万行信息科技有限公司,数据服务,松江区,"优秀员工奖,节日补贴,体检,年假",12k-24k,3-5年,数据分析工程师,开发/测试/运维类,数据开发,"['数据挖掘', '机器学习', '深度学习', '大数据']",3050195,2017-09-15 10:01:19
上海,番茄便利,上海小茄网络科技有限公司,"移动互联网,电子商务",徐汇区,"扁平化管理,弹性工作",10k-20k,不限,数据分析师,开发/测试/运维类,数据开发,"['大数据', '数据挖掘', 'SPSS', 'sas']",3572524,2017-09-15 09:29:03
上海,泛为,北京泛为信息科技有限公司,"移动互联网,广告营销",浦东新区,"弹性工作,16薪,有大牛同事",20k-35k,3-5年,数据分析师,开发/测试/运维类,数据开发,"['中级', 'SPSS', '用户研究']",3351475,2017-09-15 10:34:29
上海,美团点评,北京三快在线科技有限公司,"移动互联网,O2O",长宁区,成长空间大,15k-30k,1-3年,资深数据分析师,产品/需求/项目类,数据分析,"['商业', '业务运营', '大数据', '数据挖掘']",3024896,2017-09-14 09:55:27
上海,东方头条,上海嵩恒网络科技有限公司,"移动互联网,社交网络",浦东新区,"俱乐部活动,团建活动,调薪机会多,发展空间大",10k-20k,1-3年,数据分析师（语言学方向）,产品/需求/项目类,数据分析,"['matlab', '自然语言处理']",3513099,2017-09-15 17:37:01
上海,爱回收,上海悦易网络信息技术有限公司,"电子商务,O2O",杨浦区,"14薪,弹性工作制,加班餐",20k-25k,3-5年,数据分析师-风控方向,开发/测试/运维类,数据开发,"['资深', '反作弊', '数据挖掘', 'SPSS']",3490496,2017-09-15 11:12:27
上海,ZTO-express,上海中通吉网络技术有限公司,电子商务,青浦区,"大数据,扁平化,领导nic",15k-30k,5-10年,数据分析负责人,产品/需求/项目类,数据分析,"['物流', '高级', '大数据', 'SPSS', 'sas']",3617605,2017-09-16 16:49:56
上海,沪江,沪江教育科技（上海）股份有限公司,"移动互联网,教育",浦东新区,五险一金;期权激励;绩效奖金;弹性工作,15k-30k,3-5年,高级数据分析师(J10555),开发/测试/运维类,运维安全,"['电商', 'DBA']",2682850,2017-09-15 19:51:27
上海,DerbySoft,德比软件（上海）有限公司,旅游,浦东新区,期权+弹性工作时间+午餐补助+补充医疗,10k-20k,1-3年,数据分析师,设计,数据分析,"['SQL', '广告投放', 'BI', 'R', 'Data Analyst']",885566,2017-09-15 09:45:41
上海,饿了么,拉扎斯网络科技（上海）有限公司,移动互联网,普陀区,14薪,12k-24k,3-5年,资深数据分析师,开发/测试/运维类,数据开发,"['大数据', '数据挖掘', 'SPSS', 'sas']",3441743,2017-09-11 19:45:46
上海,链家上海研发中心,德佑房地产经纪有限公司,企业服务,静安区,万亿级O2O平台 一年两次调薪 半年度奖金,10k-19k,1-3年,数据分析师,市场与销售,市场/营销,['大数据'],657586,2017-09-15 18:49:46
上海,HARB,哈步数据科技（上海）有限公司,企业服务,徐汇区,"发展空间大,弹性工作,旅游体检,扁平管理",10k-15k,3-5年,数据分析师,运营,运营,"['电商', '金融']",2182006,2017-09-15 10:14:17
上海,好买车,上海轩言网络信息科技有限公司,"电子商务,O2O",闸北区,晋升空间大,10k-20k,3-5年,数据分析师,产品/需求/项目类,数据分析,"['电商', '金融', '云计算', '大数据', '数据挖掘', 'SPSS']",2943690,2017-09-14 11:49:36
上海,上海拿米金服,上海拿米金融信息服务有限公司,"移动互联网,金融",徐汇区,13薪,10k-15k,1-3年,数据分析师,产品/需求/项目类,数据分析,"['金融', '旅游']",3360450,2017-09-14 10:12:29
上海,浅橙科技,上海浅橙网络科技有限公司,"移动互联网,金融",杨浦区,"五险一金,员工旅游,员工生日会",15k-25k,1-3年,数据分析师,产品/需求/项目类,数据分析,"['金融', '数据挖掘', '电子商务', '解决方案', 'SPSS']",2880803,2017-09-14 10:05:41
上海,希浦工贸,上海希浦工贸有限公司,"移动互联网,其他",徐汇区,"股票期权,带薪年假,带薪年假,岗位晋升",15k-25k,1-3年,数据分析师,开发/测试/运维类,数据开发,"['大数据', '数据挖掘', 'SPSS', 'sas']",3582192,2017-09-12 09:28:04
上海,巨人网络,上海巨人网络科技有限公司,游戏,松江区,一流的办公环境 福利待遇优厚 发展平台,15k-30k,3-5年,数据分析师,开发/测试/运维类,数据开发,"['游戏', '高级', '大数据']",2742435,2017-08-30 10:30:34
上海,沪江,沪江教育科技（上海）股份有限公司,"移动互联网,教育",浦东新区,弹性工作制 股权激励 五险一金,15k-30k,3-5年,高级数据分析师(J10899),开发/测试/运维类,数据开发,"['电商', '建模', 'sas']",3121698,2017-09-15 15:43:48
上海,上海宏鹿信息技术服务有限公司,上海宏鹿信息技术服务有限公司,移动互联网,浦东新区,"带薪年假,住房补贴,员工旅游,年终奖",15k-30k,3-5年,高级数据分析师,开发/测试/运维类,数据开发,"['借贷', '大数据', '数据挖掘', '建模']",3551105,2017-09-16 13:16:47
上海,游族网络,上海游族信息技术有限公司,"移动互联网,游戏",徐汇区,福利待遇好、上市游戏公司,15k-20k,1-3年,行业数据分析师,开发/测试/运维类,后端开发,['大数据'],3599969,2017-09-15 11:27:06
上海,极光,深圳市和讯华谷信息技术有限公司,"移动互联网,数据服务",普陀区,"D轮+,大数据平台,攻城狮氛围,14薪+",15k-30k,3-5年,高级数据分析师,开发/测试/运维类,数据开发,"['数据挖掘', 'ETL', '建模', 'SPSS']",3538106,2017-09-14 10:36:32
上海,国益信息,上海国益信息中心有限公司,"企业服务,数据服务",徐汇区,"知名企业,带薪年假,环境优雅,五险一金",15k-25k,3-5年,数据分析/挖掘工程师,开发/测试/运维类,数据开发,"['搜索', '算法', '机器学习', '大数据', '数据挖掘']",3599128,2017-09-12 16:42:51
上海,金恪投资控股股份有限公司,金恪投资控股股份有限公司,金融,浦东新区,"甲方,集团公司,CRM,分析与管理",15k-20k,3-5年,数据分析主管,产品/需求/项目类,数据分析,"['金融', '电商']",3575331,2017-09-15 15:46:28
上海,晶赞科技Zamplus,上海晶赞科技发展有限公司,"数据服务,文化娱乐",闸北区,定期体检 国外outing 弹性工作 绩效奖金,10k-20k,1-3年,数据分析师,市场与销售,市场/营销,[],1139011,2017-09-11 13:56:00
上海,浅橙科技,上海浅橙网络科技有限公司,"移动互联网,金融",杨浦区,"年底双薪,员工旅游,生日会,节日福利",10k-20k,1-3年,数据分析师,产品/需求/项目类,数据分析,"['专员', '风控', '策略', '量化']",2991167,2017-09-14 10:05:41
上海,挖财,杭州财米科技有限公司,"移动互联网,金融",浦东新区,弹性工作，大牛分享，早餐下午茶晚餐,2k-3k,不限,数据分析师（实习生）,职能,财务,['大数据'],947128,2017-09-15 16:10:28
上海,平安付,平安付智能技术有限公司,金融,徐汇区,"环境优越,待遇从优",15k-25k,3-5年,数据分析师,开发/测试/运维类,测试,"['大数据', '数据挖掘']",2885870,2017-09-14 17:52:06
上海,滴滴出行,北京嘀嘀无限科技发展有限公司,移动互联网,普陀区,公司快速发展，团队简单，机会多,18k-25k,5-10年,数据分析师,技术,后端开发,[],1093089,2017-09-12 09:54:05
上海,浅深集团,上海浅深休闲酒店管理有限公司,生活服务,黄浦区,"五险一金,做五休二,福利",15k-30k,3-5年,数据分析，数据产品,开发/测试/运维类,软件开发,"['金融', '电商', '资深', '高级', '软件开发', 'SAAS']",3437563,2017-09-13 15:50:52
上海,饿了么,拉扎斯网络科技（上海）有限公司,移动互联网,普陀区,公司平台大 福利待遇好 团队氛围佳,20k-30k,3-5年,资深数据分析师,开发/测试/运维类,数据开发,"['大数据', '数据挖掘', 'SPSS']",3170839,2017-09-16 18:42:22
上海,Gridsum 国双,北京国双科技有限公司,数据服务,静安区,弹性工作制 发展空间大,15k-25k,5-10年,高级数据分析师（上海）,市场与销售,数据分析,['商业'],1736716,2017-09-15 09:47:27
上海,爱乐奇,上海钦文信息科技有限公司,移动互联网,浦东新区,数据驱动,15k-25k,3-5年,高级数据分析师,产品/需求/项目类,数据分析,"['电商', 'BI', '大数据', '数据挖掘']",3094826,2017-09-16 09:31:40
上海,MSO眸事网,麦曼（上海）企业管理咨询有限公司,O2O,虹口区,"互联网,人工智能,季度奖金,扁平化",10k-20k,1-3年,数据分析,产品/需求/项目类,数据分析,"['商业', '业务运营', '大数据', '数据挖掘', 'SPSS']",3178531,2017-09-11 15:42:15
上海,天阳科技,天阳宏业科技股份有限公司,"企业服务,金融",浦东新区,金融项目,12k-20k,3-5年,中级数据库开发/数据分析,开发/测试/运维类,数据开发,"['银行', '大数据']",2739012,2017-09-11 13:33:18
上海,翼勋金融,上海翼勋互联网金融信息服务有限公司,金融,浦东新区,"团队强,办公环境好,领导亲和,福利完善",15k-20k,3-5年,数据分析专家,金融类,风控,"['金融', '建模', '数据挖掘']",3615618,2017-09-15 16:29:32
上海,上海心灵伙伴云计算,上海心灵伙伴云计算信息技术有限公司,教育,普陀区,"领导nic,技术氛围好,行业好",15k-30k,3-5年,数据分析工程师,开发/测试/运维类,数据开发,"['算法', '数据挖掘', '机器学习', '深度学习', '大数据']",2914246,2017-09-14 11:01:21
上海,携程,携程计算机技术（上海）有限公司,"移动互联网,旅游",长宁区,弹性工时,15k-25k,1-3年,数据分析工程师,开发/测试/运维类,数据开发,"['大数据', '数据挖掘', '算法']",2900000,2017-09-08 09:46:29
上海,上海你我贷互联网金融信息服务,嘉银（上海）金融信息服务有限公司,金融,浦东新区,弹性工作 工作环境好 带薪年假 绩效奖金,13k-25k,1-3年,数据分析师（业务分析）,开发/测试/运维类,数据开发,"['金融', 'SQL']",3479910,2017-09-11 12:35:56
上海,阿基米德fm,阿基米德（上海）传媒有限公司,"移动互联网,电子商务",长宁区,"13薪,补充公积金,商业保险,饭补",15k-25k,3-5年,高级数据分析师,开发/测试/运维类,数据开发,"['中级', '数据挖掘', '机器学习', '大数据']",2883629,2017-09-15 09:34:57
上海,Gridsum 国双,北京国双科技有限公司,数据服务,静安区,弹性工作制 发展空间大 氛围好 牛人多,15k-25k,5-10年,高级数据分析师,市场与销售,数据分析,['商业'],1963261,2017-09-15 09:47:25
上海,九曳供应链,上海久耶供应链管理有限公司,"电子商务,数据服务",嘉定区,"平台好,空间大,餐补,节假日福利",10k-20k,1-3年,数据分析师,开发/测试/运维类,数据开发,['大数据'],2876919,2017-08-25 17:32:45
上海,眸事网,上海脉豪商务信息咨询有限公司,"移动互联网,企业服务",虹口区,"互联网公司,团队大牛多,扁平化,弹性上班",10k-15k,1-3年,数据分析师,产品/需求/项目类,数据分析,"['商业', '业务运营', '大数据', '数据挖掘', 'SPSS']",3167494,2017-09-15 16:08:07
上海,美团点评,北京三快在线科技有限公司,"移动互联网,O2O",长宁区,"年终奖,弹性工作,补充医保,年度体检",18k-28k,1-3年,数据分析师-金融创新,产品/需求/项目类,数据分析,[],3279036,2017-09-04 11:58:01
上海,上海善林金融信息服务有限公司,善林（上海）金融信息服务有限公司,金融,闸北区,福利待遇佳，发展空间大，股权激励,10k-20k,5-10年,数据分析经理,产品/需求/项目类,数据分析,"['资深', '高级', '业务运营', 'sas', '数据管理']",3150885,2017-09-15 13:52:11
上海,厚本金融,上海厚本金融信息服务有限公司,金融,,快速的职业成长、优秀的导师、良好的福利,8k-15k,1-3年,数据分析师/数据工程师,设计,用户研究,"['金融', '数据挖掘', 'SPSS']",2309151,2017-09-15 09:19:21
上海,华融道,上海荣幸信息科技有限公司,金融,闸北区,"绩效奖金,节假日福利",10k-20k,3-5年,数据分析师,运营/编辑/客服,运营,"['金融', '运营', '数据挖掘', 'SPSS']",2903765,2017-09-13 10:14:56
上海,京东,京东商城,电子商务,长宁区,"大平台,福利好,牛人多,氛围佳",20k-25k,3-5年,数据分析主管,产品/需求/项目类,数据分析,"['资深', '大数据', '数据挖掘', 'SPSS']",3606724,2017-09-16 23:00:46
上海,驴妈妈旅游网,上海景域文化传播股份有限公司,"电子商务,旅游",普陀区,薪资待遇好 平台大 发展前景好,6k-9k,1-3年,数据分析师,产品/需求/项目类,数据分析,"['电商', '数据管理']",3564386,2017-09-16 11:17:22
上海,蜻蜓FM,上海倾听信息技术有限公司,移动互联网,浦东新区,12天带薪年假，团队氛围佳，车补，午餐补,18k-30k,1-3年,数据分析工程师,开发/测试/运维类,数据开发,['数据挖掘'],3565966,2017-09-15 15:07:35
上海,运满满,北京满运物流信息有限公司,"移动互联网,O2O",长宁区,"D轮,氛围佳,技术培训",20k-40k,3-5年,数据分析工程师,开发/测试/运维类,数据开发,"['大数据', '数据挖掘', 'SPSS', 'sas']",3413528,2017-09-13 11:41:03
上海,返利网,上海中彦信息科技有限公司,电子商务,徐汇区,"五险一金,补充医疗,员工旅游,餐饮补贴",10k-20k,1-3年,数据分析师,开发/测试/运维类,数据开发,['SPSS'],2911952,2017-09-13 09:05:08
上海,掌门1对1在线教育,上海翼师网络科技有限公司,"移动互联网,教育",虹口区,"行业平台,C+轮,分享学习,在线教育",6k-9k,1-3年,数据分析,产品/需求/项目类,数据分析,['专员'],3591681,2017-09-15 10:54:50
上海,贷后邦,上海朋数信息科技有限公司,移动互联网,虹口区,"五险一金,部门氛围好,团建",8k-15k,1-3年,数据分析,产品/需求/项目类,数据分析,"['社交', '大数据', '专员', '数据挖掘']",3585735,2017-09-16 10:14:13
上海,拉卡拉云商网络有限公司,拉卡拉云商网络有限公司,"电子商务,金融",普陀区,团队好,17k-22k,5-10年,数据分析主管,开发/测试/运维类,数据开发,"['金融', '高级', 'SPSS', 'sas', '数据管理']",3484291,2017-09-13 09:36:47
上海,Gridsum 国双,北京国双科技有限公司,数据服务,静安区,弹性工作制 发展空间大 氛围好 牛人多,8k-15k,3-5年,数据分析师,市场与销售,市场/营销,[],1736757,2017-09-15 09:46:25
上海,链家上海研发中心,德佑房地产经纪有限公司,企业服务,静安区,"业内最专业,成长空间大,培训多多,决策支持",10k-17k,1-3年,运营分析师/数据分析师,产品/需求/项目类,数据分析,"['高级', '专员', '商业', '业务运营']",2575519,2017-09-15 18:01:28
上海,犀语科技,上海犀语科技有限公司,"数据服务,金融",杨浦区,"弹性工作,车贴餐贴,通讯补贴,公司年假",15k-20k,1-3年,数据分析师,开发/测试/运维类,数据开发,"['大数据', '数据挖掘', 'SPSS', 'sas', 'python']",3570851,2017-09-12 14:54:29
上海,美团点评,北京三快在线科技有限公司,"移动互联网,O2O",长宁区,"氛围好,福利棒,弹性工作,高效率做事",18k-36k,3-5年,数据分析师,产品/需求/项目类,数据分析,"['大数据', 'BI', '可视化', '商业', 'SPSS']",3500524,2017-09-12 18:08:57
上海,携程,携程计算机技术（上海）有限公司,"移动互联网,旅游",长宁区,弹性工时,10k-20k,不限,可视化开发/数据分析,开发/测试/运维类,前端开发/移动开发,"['web前端', '大数据', 'Java', 'web']",3573667,2017-09-06 10:26:08
上海,奇虎360金融,上海淇毓信息科技有限公司,"移动互联网,金融",浦东新区,试用期工资不打折，平台大，弹性工作制,15k-20k,1-3年,系统分析/数据分析,开发/测试/运维类,数据开发,['金融'],2872229,2017-09-13 16:15:57
上海,校妆网,上海校妆科技有限公司,"电子商务,移动互联网",嘉定区,"平台好,上升空间大",10k-18k,3-5年,CRM经理/数据分析,运营/编辑/客服,运营,"['资深', '运营', '用户', '会员', '活动运营']",3609553,2017-09-14 14:51:01
上海,陆金所,上海陆家嘴国际金融资产交易市场股份有限公司,金融,浦东新区,平台大发展好,15k-30k,3-5年,数据分析师,开发/测试/运维类,数据开发,"['信息安全', '大数据', '数据挖掘']",2598885,2017-09-07 16:25:18
上海,趣致网络,上海趣致网络科技有限公司,"移动互联网,O2O",徐汇区,绿色办公，空间巨大,10k-20k,3-5年,数据分析/数据挖掘工程师,技术,数据开发,['大数据'],2295439,2017-09-14 16:35:52
上海,极光,深圳市和讯华谷信息技术有限公司,"移动互联网,数据服务",普陀区,"D轮+,大数据平台,攻城狮氛围,14薪+",10k-20k,1-3年,数据分析师,开发/测试/运维类,数据开发,"['数据挖掘', 'ETL', '建模', 'SPSS']",3538090,2017-09-14 10:36:31
上海,DerbySoft,德比软件（上海）有限公司,旅游,浦东新区,"弹性工作时,午餐补助,补充医疗",15k-28k,1-3年,数据科学家/高级数据分析师,开发/测试/运维类,数据开发,"['数据挖掘', '算法', '数据开发', 'R', '机器学习']",3343295,2017-09-15 09:45:45
上海,上海拿米金服,上海拿米金融信息服务有限公司,"移动互联网,金融",徐汇区,"SQL查询,统计学软件",8k-12k,1-3年,数据分析师,产品/需求/项目类,数据分析,"['金融', '策略', 'SPSS', 'sas']",3351155,2017-09-15 14:21:06
上海,饿了么,拉扎斯网络科技（上海）有限公司,移动互联网,普陀区,新零售 大趋势 期权 扁平,12k-16k,3-5年,资深/高级数据分析师,运营/编辑/客服,运营,"['电商', '大数据', 'SPSS', 'sas']",3404162,2017-09-15 15:43:27
上海,上海宏鹿信息技术服务有限公司,上海宏鹿信息技术服务有限公司,移动互联网,浦东新区,"弹性工作,带薪年假,员工旅游,年终奖",10k-20k,1-3年,风控/数据分析,产品/需求/项目类,数据分析,"['SQL', 'SPSS', 'sas']",3526226,2017-09-16 13:16:47
上海,百维金科,宁波百维金科信息咨询服务有限公司,金融,浦东新区,"氛围好,福利好,扁平管理",10k-20k,1-3年,急聘数据分析师,金融类,风控,"['金融', '风控', '数据挖掘']",3547250,2017-09-05 16:35:35
上海,携程,携程计算机技术（上海）有限公司,"移动互联网,旅游",长宁区,带薪年假 弹性工时 海量数据,20k-30k,3-5年,资深数据分析师/挖掘,开发/测试/运维类,数据开发,"['大数据', '数据挖掘']",3081648,2017-09-15 09:23:41
上海,圆通,圆通速递有限公司,"企业服务,数据服务",青浦区,上市公司，前景好，氛围好，待遇好,8k-15k,1-3年,数据分析工程师,开发/测试/运维类,数据开发,"['SQL', '数据开发', 'ETL']",3301174,2017-09-15 08:52:17
上海,交通银行信用卡中心,交通银行太平洋信用卡中心,金融,浦东新区,"职业发展,年终奖",15k-20k,5-10年,数据分析及挖掘经理,开发/测试/运维类,数据开发,"['数据挖掘', '大数据', 'SPSS']",3114344,2017-09-12 11:00:29
上海,东普科技,上海东普信息科技有限公司,"移动互联网,电子商务",青浦区,"包食宿,员工旅游,带薪年假,晋升平台",20k-40k,3-5年,高级数据分析师,开发/测试/运维类,数据开发,"['数据挖掘', 'SPSS']",3573196,2017-09-15 09:28:39
上海,灿福科技,上海灿福信息科技发展有限公司,"移动互联网,数据服务",长宁区,技术氛围好 团队专业 领导nice,20K-30K,5-10年,数据分析主管,开发/测试/运维类,数据开发,"['资深', '深度学习', '数据治理']",3228876,2017-09-07 09:51:38
上海,比特币中国,上海萨图西网络有限公司,移动互联网,徐汇区,"前沿科技,国际化团队",10k-20k,1-3年,数据分析工程师,开发/测试/运维类,数据开发,"['中级', '初级', '大数据', '数据挖掘', 'SPSS']",3560286,2017-09-08 09:34:06
上海,游族网络,上海游族信息技术有限公司,"移动互联网,游戏",徐汇区,福利待遇好、上市游戏公司,10k-20k,1-3年,运营策划-数据分析,运营/编辑/客服,运营,[],3553096,2017-09-13 12:37:03
上海,平安健康互联网,平安健康互联网股份有限公司上海分公司,"移动互联网,医疗健康",徐汇区,技术氛围浓厚，业务高速发展，独角兽,12k-24k,3-5年,数据分析师,开发/测试/运维类,数据开发,"['电商', '中级', '初级', '数据挖掘', '大数据']",3455470,2017-09-12 13:57:59
上海,UCloud,上海优刻得信息科技有限公司,"数据服务,企业服务",杨浦区,"弹性工作,奖金丰厚,技术挑战",10k-20k,3-5年,高级数据分析师,开发/测试/运维类,数据开发,"['大数据', '数据挖掘']",3114474,2017-09-13 10:13:02
上海,联璧,上海联璧电子科技有限公司,"移动互联网,O2O",松江区,"福利好,餐补,加班补助,绩效奖金",10k-18k,1-3年,数据分析工程师,产品/需求/项目类,数据分析,"['支付', '大数据', 'BI', '可视化', '业务运营']",3265177,2017-09-11 13:59:24
上海,算话征信,算话征信有限公司,"数据服务,移动互联网",长宁区,五险一金、股票期权、弹性工作、节日福利,10k-15k,1-3年,数据分析工程师,技术,数据开发,"['金融', '数据挖掘']",1831018,2017-09-15 18:11:56
上海,平安科技,平安科技（深圳）有限公司,金融,浦东新区,世界500强 带薪年假 节日福利 绩效丰厚,15k-20k,不限,数据分析师（数据仓库）(上海）,开发/测试/运维类,数据开发,"['大数据', 'BI']",3523472,2017-09-15 11:04:04
上海,国泰君安证券股份有限公司,国泰君安证券股份有限公司,金融,浦东新区,国内综合实力最强的证券公司之一,20k-40k,3-5年,大数据分析师,产品/需求/项目类,数据分析,[],2615262,2017-09-04 09:06:04
上海,贷后邦,上海朋数信息科技有限公司,移动互联网,虹口区,"五险一金,年底双休,氛围好",5k-7k,1-3年,数据分析专员,产品/需求/项目类,数据分析,"['金融', 'SPSS', 'sas']",3560085,2017-09-16 10:14:13
上海,微医集团,浙江康健绿线网络技术有限公司,"移动互联网,医疗健康",徐汇区,周末双休 带薪年假 人才推荐奖 节日福利,10k-15k,1-3年,数据分析师-用户画像方向,运营,运营,['大数据'],1969335,2017-09-15 09:14:30
上海,饿了么,拉扎斯网络科技（上海）有限公司,移动互联网,普陀区,大平台 发展快,10k-15k,3-5年,数据分析师,产品/需求/项目类,数据分析,"['SPSS', 'sas']",3507485,2017-08-21 14:45:36
上海,游族网络,上海游族信息技术有限公司,"移动互联网,游戏",徐汇区,福利待遇好、上市游戏公司,2k-3k,不限,数据分析实习生,开发/测试/运维类,后端开发,[],3559671,2017-09-15 11:29:20
上海,Gridsum 国双,北京国双科技有限公司,数据服务,静安区,大数据上市公司，氛围好，牛人多,10k-20k,3-5年,高级数据分析师,开发/测试/运维类,数据开发,"['媒体', '大数据', '数据挖掘', 'SQL']",3140317,2017-09-13 13:23:44
上海,55互动,上海微錾信息技术有限公司,移动互联网,长宁区,14薪,7k-12k,1-3年,数据分析员,开发/测试/运维类,数据开发,"['SPSS', 'sas', '数据管理']",3589230,2017-09-16 21:44:51
上海,旅游圈,北京匹匹扣国际旅行社有限公司上海分公司,移动互联网,闸北区,数据分析师,8k-12k,1-3年,数据分析师,设计,用户研究,[],1611294,2017-09-12 09:06:48
上海,斑马旅游,上海歌晨信息技术有限公司,"电子商务,旅游",浦东新区,"五险一金,员工旅游,弹性工作,扁平管理",4k-6k,不限,数据分析专员,综合职能类,人力资源,"['绩效考核', 'HR', '人事']",3600285,2017-09-15 11:08:39
上海,百度,百度在线网络技术（北京）有限公司,"移动互联网,数据服务",浦东新区,高薪,15k-30k,不限,数据分析,开发/测试/运维类,数据开发,"['数据挖掘', 'SPSS']",3387073,2017-08-30 11:33:51
上海,携程,携程计算机技术（上海）有限公司,"移动互联网,旅游",长宁区,能力提升 个人发展 公司平台 发展空间,10k-15k,1-3年,数据分析,产品/需求/项目类,数据分析,"['旅游', '电商', '大数据', '业务运营', 'sas']",3429330,2017-09-15 17:53:48
上海,时趣social-touch,时趣互动（北京）科技有限公司,移动互联网,长宁区,弹性工作 免费咖啡 平台好 发展空间,10k-20k,3-5年,高级数据分析师,产品/需求/项目类,数据分析,"['大数据', '商业', 'sas', 'R']",3048531,2017-09-13 20:08:24
上海,PPTV聚力,上海聚力传媒技术有限公司,文化娱乐,浦东新区,五险一金 有商业医疗保险 带薪休假,15k-20k,5-10年,高级数据分析师,市场与销售,市场/营销,['大数据'],2038459,2017-09-15 10:23:56
上海,上海第一财经数据,上海第一财经数据科技有限公司,移动互联网,静安区,"补充公积金,弹性工作制,补充医疗,年终奖",7k-13k,1-3年,数据分析师―行研,产品/需求/项目类,数据分析,"['电商', '大数据', 'BI', '商业']",3389736,2017-09-15 09:59:02
上海,悠融资产,悠融资产管理（上海）有限公司,"移动互联网,金融",浦东新区,"带薪年假,节日福利",7k-12k,1-3年,风控/数据分析,金融类,风控,"['金融', 'SQL', 'SPSS', 'sas']",3014273,2017-09-15 09:18:15
上海,rupiahplus,上海印闪网络科技有限公司,"移动互联网,金融",徐汇区,"出国旅游,福利好,待遇好,氛围佳",15k-30k,不限,贷后数据分析专员,运营/编辑/客服,运营,"['银行', '风控', '统计', 'SPSS', 'sas']",3598670,2017-09-12 15:56:51
上海,轻轻家教,上海轻轻信息科技有限公司,"移动互联网,教育",浦东新区,"互联网教育,C+轮",10k-20k,1-3年,数据分析师,开发/测试/运维类,数据开发,"['数据挖掘', '大数据', '建模']",3535321,2017-09-15 11:11:13
上海,小红书,行吟信息科技（上海）有限公司,"生活服务,电子商务",黄浦区,福利待遇好,15k-30k,1-3年,数据分析师,运营,运营,['大数据'],2050861,2017-09-13 10:38:56
上海,饿了么,拉扎斯网络科技（上海）有限公司,移动互联网,普陀区,团队氛围好，发展前景大,15k-25k,3-5年,高级数据分析师/专家,市场/商务/销售类,市场/营销,['品牌营销'],3495351,2017-08-22 08:55:23
上海,Gridsum 国双,北京国双科技有限公司,数据服务,静安区,大数据上市公司 发展空间大 氛围好,8k-15k,3-5年,数据分析师 (上海),开发/测试/运维类,数据开发,"['大数据', '数据挖掘', 'SQL']",3014736,2017-09-13 13:23:44
上海,游族网络,上海游族信息技术有限公司,"移动互联网,游戏",徐汇区,上市游戏公司,9k-18k,1-3年,数据分析,开发/测试/运维类,数据开发,[],2798853,2017-09-15 11:31:49
上海,返利网,上海中彦信息科技有限公司,电子商务,徐汇区,吃饭停车回家 旅游股票医疗 返利为你准备好,30k-50k,5-10年,数据分析总监,技术,高端技术职位,['大数据'],2050126,2017-09-15 09:42:06
上海,云星数据,云星数据（深圳）有限公司,"医疗健康,数据服务",浦东新区,"数据分析,数据挖掘,精准营销",15k-25k,3-5年,高级数据分析师,开发/测试/运维类,数据开发,"['数据挖掘', 'BI', 'SPSS']",3509081,2017-09-06 09:28:44
上海,易果生鲜,上海易果电子商务有限公司,电子商务,长宁区,"年终奖,绩效奖金,五险一金",6k-10k,不限,数据分析师,产品/需求/项目类,数据分析,['数据挖掘'],2672991,2017-09-15 13:36:13
上海,么么直播,上海星艾网络科技有限公司,"移动互联网,社交网络",闵行区,领导好、福利赞、发展迅猛,10k-20k,3-5年,高级数据分析师,开发/测试/运维类,数据开发,"['视频', '直播', '数据挖掘', 'SPSS']",3364746,2017-09-16 12:01:50
上海,挖财,杭州财米科技有限公司,"移动互联网,金融",浦东新区,五险一金、弹性工作、与牛人共舞,8k-10k,1-3年,初级数据分析师（wodlee）-上海-00938,市场/商务/销售类,销售,"['大数据', '数据挖掘', 'SPSS', 'sas', '业务分析']",3461301,2017-09-15 16:10:29
上海,上海第一财经数据,上海第一财经数据科技有限公司,移动互联网,静安区,"医疗保险,带薪休假,弹性工作,补充公积金",10k-15k,3-5年,高级数据分析师,产品/需求/项目类,数据分析,"['大数据', '商业', '数据挖掘', 'SPSS']",3598583,2017-09-15 09:59:02
上海,流量海科技,深圳市流量海科技有限公司,"企业服务,数据服务",徐汇区,"大数据,电信运营商,数据分析",10k-20k,3-5年,数据分析（业务分析）,开发/测试/运维类,数据开发,['金融'],3334236,2017-09-13 09:25:56
上海,上海正也科技,上海正也信息科技有限公司,"移动互联网,企业服务",普陀区,"机遇+挑战,工作氛围佳,发展空间大,期权激励",25k-30k,3-5年,数据分析师,产品/需求/项目类,数据分析,"['大数据', '数据挖掘', 'SPSS']",3045776,2017-09-14 13:07:48
上海,上海元聚,上海元聚网络科技有限公司,移动互联网,闵行区,"高薪,大平台",30k-40k,不限,数据分析总监,产品/需求/项目类,数据分析,"['资深', '大数据', 'BI', '业务运营']",3542216,2017-09-15 19:22:47
上海,美莱集团,上海美莱投资管理有限公司,"医疗健康,电子商务",长宁区,"发展好,前景广,晋升快",8k-12k,1-3年,数据分析师,市场/商务/销售类,市场/营销,"['主管', '数字营销', 'SPSS', 'sas']",3125581,2017-09-14 15:28:47
上海,国泰君安证券股份有限公司,国泰君安证券股份有限公司,金融,浦东新区,国内综合实力最强的证券公司之一,10k-20k,3-5年,移动平台-数据分析工程师,开发/测试/运维类,数据开发,"['金融', '大数据']",2616414,2017-09-04 09:06:03
上海,捞月狗,上海竟跃网络科技有限公司,移动互联网,徐汇区,"压力小,氛围好,年终奖,空间大",6k-12k,1-3年,数据分析师,运营/编辑/客服,运营,"['专员', '运营', '数据管理']",3110876,2017-09-13 13:25:04
上海,饿了么,拉扎斯网络科技（上海）有限公司,移动互联网,普陀区,公司平台大 福利待遇好 团队氛围佳,25k-40k,5-10年,数据分析专家,产品/需求/项目类,数据分析,"['资深', '大数据', '数据挖掘']",3170842,2017-09-16 18:42:22
上海,群星金融,鼎必程（上海）信息技术有限公司,金融,浦东新区,"发展空间,弹性工作",10k-20k,1-3年,数据分析,产品/需求/项目类,数据分析,['数据挖掘'],3358144,2017-09-15 09:46:48
上海,艾奎信息科技,上海艾奎信息科技有限公司,广告营销,长宁区,五百强平台，上升空间大，学习机会多，,6K-8K,1-3年,数据分析师,产品/需求/项目类,数据分析,['专员'],3614285,2017-09-15 13:43:46
上海,Learnta Inc.,北京爱论答科技有限公司,"移动互联网,教育",静安区,"互联网氛围,弹性工作",6k-10k,不限,数据分析师,开发/测试/运维类,数据开发,"['旅游', '数据挖掘', '运营', '编辑']",3556542,2017-09-15 11:13:59
上海,环球车享,环球车享汽车租赁有限公司,"移动互联网,生活服务",嘉定区,"五险一金,补充公积金,餐饮补贴,定期体检",16k-25k,3-5年,高级数据分析主管,产品/需求/项目类,数据分析,"['大数据', '数据挖掘', 'SPSS']",3536469,2017-09-15 09:43:31
上海,华夏信财,华夏信财股权投资管理有限公司,"移动互联网,金融",浦东新区,"领导好,发展空间大",10k-15k,3-5年,数据分析经理,开发/测试/运维类,数据开发,"['金融', 'sas']",3087115,2017-09-11 15:31:50
上海,宜信,普信恒业科技发展（北京）有限公司,金融,浦东新区,"六险一金,弹性工作,优势团队",20k-40k,3-5年,高级数据分析师,开发/测试/运维类,数据开发,"['征信', '资深', '数据挖掘', '机器学习']",3549709,2017-08-30 16:27:53
上海,平安租赁,平安国际融资租赁有限公司,金融,浦东新区,五险一金,8k-10k,1-3年,数据分析岗(001255),产品/需求/项目类,产品设计/需求分析,['产品经理'],3416550,2017-08-29 15:35:08
上海,汇付,上海汇付数据服务有限公司,"移动互联网,金融",徐汇区,大数据 福利全 社团多 项目奖 IPO,10k-20k,1-3年,数据分析,技术,数据开发,"['支付', '搜索', '大数据', '算法']",2111657,2017-09-11 10:01:06
上海,数云,杭州数云信息技术有限公司上海分公司,"企业服务,数据服务",徐汇区,"五险一金,带薪年假,福利旅游",10k-15k,3-5年,高级数据分析师,开发/测试/运维类,数据开发,"['大数据', '数据挖掘']",3566598,2017-09-15 09:12:40
上海,徙木金融,徙木金融信息服务(上海)有限公司,"金融,数据服务",普陀区,纯线上信贷产品，数据化风控，有趣好玩,10K-20K,1-3年,数据分析经理,金融,风控,"['金融', 'LBS', '社交网络']",2526097,2017-08-26 12:49:59
上海,携程,携程计算机技术（上海）有限公司,"移动互联网,旅游",长宁区,弹性工时 旅游福利 海量数据,15k-20k,1-3年,数据分析师/挖掘,开发/测试/运维类,数据开发,"['大数据', '数据挖掘']",3081631,2017-09-15 09:23:41
上海,中腾信,中腾信金融信息服务（上海）有限公司,金融,虹口区,"背景好,稳定,福利好,环境好",6k-11k,1-3年,数据分析岗,市场/商务/销售类,销售,"['统计', '业务分析']",3582491,2017-09-14 09:56:16
上海,麦图科技,上海麦图信息科技有限公司,数据服务,长宁区,股票期权，带薪年假，弹性工作，扁平管理,10k-15k,不限,数据分析师,技术,DBA,"['大数据', '数据挖掘', 'SPSS']",1429188,2017-09-14 09:53:01
上海,飞榴科技,飞榴（上海）信息科技有限公司,"移动互联网,数据服务",浦东新区,"专业导师,发展空间大,技术核心,高成长团队",5k-10k,1-3年,数据分析工程师,开发/测试/运维类,数据开发,"['中级', 'hadoop', '数据挖掘', '机器学习', '人工智能']",3432654,2017-09-15 21:15:57
上海,饿了么,拉扎斯网络科技（上海）有限公司,移动互联网,普陀区,弹性工作时间，丰厚年终，竞争性薪酬,10k-20k,不限,数据分析师,运营/编辑/客服,运营,"['数据挖掘', 'SPSS', 'sas']",3524961,2017-08-24 13:27:05
上海,泛为,北京泛为信息科技有限公司,"移动互联网,广告营销",浦东新区,"弹性工作,16薪,文化轻松",40k-50k,5-10年,资深数据分析/数据分析专家,开发/测试/运维类,数据开发,"['数据挖掘', '大数据', 'SPSS', 'sas']",3290738,2017-09-15 10:34:24
上海,奥致网络,上海奥致网络科技有限公司,"移动互联网,生活服务",徐汇区,"一年多薪,外企氛围,弹性工作,晋升机会多",9k-14k,1-3年,数据分析主管,产品/需求/项目类,数据分析,"['BI', '可视化', '大数据', 'SPSS', '数据管理']",3492499,2017-08-31 17:55:02
上海,knowyou,诺优信息技术（上海）有限公司,"移动互联网,硬件",徐汇区,"五险一金,节日福利,绩效奖金,员工旅游",10k-15k,1-3年,数据分析工程师,开发/测试/运维类,数据开发,"['大数据', '数据挖掘', 'SPSS']",3553669,2017-09-14 10:42:52
上海,上海金程教育培训有限公司,上海金程国际金融专修学院,教育,杨浦区,"五险一金,绩效奖金,年底双薪,周末双休",4k-6k,应届毕业生,数据分析专员/上海应届毕业生优先,开发/测试/运维类,数据开发,"['金融', '大数据', 'SPSS', 'sas', '数据管理']",3181459,2017-09-15 09:37:43
上海,上海你我贷互联网金融信息服务,嘉银（上海）金融信息服务有限公司,金融,浦东新区,"互联网,带薪年假,五险一金,福利优",8k-12k,1-3年,数据分析师,产品/需求/项目类,数据分析,"['大数据', 'SPSS']",3318005,2017-09-07 10:26:20
上海,驴妈妈旅游网,上海景域文化传播股份有限公司,"电子商务,旅游",普陀区,公司福利好,4k-8k,1-3年,数据分析,设计,用户研究,[],2415636,2017-09-01 17:03:25
上海,还呗-智能信贷领先者,上海数禾信息科技有限公司,"移动互联网,金融",浦东新区,"移动金融,未来金矿,精英团队,助力成长",6k-12k,1-3年,数据分析师,市场/商务/销售类,市场/营销,[],3433869,2017-09-14 10:01:35
上海,平安人寿,中国平安人寿保险股份有限公司,金融,浦东新区,福利好 晋升空间大 免费班车 专业培训,7k-10k,1-3年,数据分析师,运营/编辑/客服,运营,"['专员', '助理']",3459002,2017-09-14 10:17:04
上海,水象金融,上海水象金融信息服务有限公司,"电子商务,金融",闵行区,"六险一金,员工旅游,带薪年假,年终奖金",15k-20k,3-5年,高级数据分析师,产品/需求/项目类,数据分析,"['银行', '保险', 'SPSS', 'sas']",2944738,2017-09-01 09:52:00
上海,触通科技,广州市触通软件科技股份有限公司,"移动互联网,金融",浦东新区,"五险一金,双休,餐补",7k-13k,1-3年,数据分析师,产品/需求/项目类,数据分析,"['金融', '大数据', '数据挖掘', 'SPSS', 'sas']",3469470,2017-09-15 10:20:54
上海,趣致网络,上海趣致网络科技有限公司,"移动互联网,O2O",徐汇区,"五险一金,‘团队氛围,弹性工作",10k-20k,1-3年,数据分析,开发/测试/运维类,数据开发,['大数据'],2764883,2017-09-14 16:35:51
上海,摇钱罐,上海琴雁金融信息服务有限公司,"移动互联网,金融",黄浦区,"领导好,发展空间大,福利好",15k-25k,1-3年,数据分析师,开发/测试/运维类,数据开发,"['借贷', '大数据', '建模', '算法']",3449632,2017-09-11 12:57:09
上海,申通快递,申通快递有限公司,生活服务,青浦区,"五险一金,年假,双休,节日福利",10k-20k,1-3年,BI/数据分析工程师,开发/测试/运维类,数据开发,"['高级', '中级', '搜索', '数据挖掘', '深度学习']",3359923,2017-08-23 17:44:40
上海,美味不用等,美味不用等（上海）信息科技股份有限公司,"移动互联网,O2O",浦东新区,年底多薪、带薪年假、绩效奖金,15k-20k,1-3年,数据分析专家,产品/需求/项目类,数据分析,"['资深', '高级', '大数据', 'BI', '商业']",3313240,2017-09-14 16:52:33
上海,饿了么,拉扎斯网络科技（上海）有限公司,移动互联网,普陀区,竞争性薪酬 弹性工作时间,10k-20k,不限,数据分析师,开发/测试/运维类,数据开发,"['本地生活', '大数据', '数据挖掘', '数据开发', '数据管理']",3572564,2017-09-14 09:59:45
上海,上海金程教育培训有限公司,上海金程国际金融专修学院,教育,杨浦区,"五险一金,全勤奖,年底双薪,节日福利",5k-6k,不限,数据分析经理/主管/专员,开发/测试/运维类,数据开发,[],2687187,2017-09-15 09:37:43
上海,口袋网,深圳口袋网互联网金融服务有限公司,"移动互联网,金融",浦东新区,"带薪年假,美女帅哥多,办公氛围轻,员工旅游",15k-30k,3-5年,资深数据分析师,开发/测试/运维类,数据开发,[],2723475,2017-09-11 11:34:26
上海,奥致网络,上海奥致网络科技有限公司,"移动互联网,生活服务",徐汇区,无打卡,10k-20k,1-3年,数据分析主管,开发/测试/运维类,数据开发,"['大数据', '数据挖掘', 'SPSS', '数据管理']",3266332,2017-09-11 14:00:06
上海,学霸君,上海谦问万答吧云计算科技有限公司,"移动互联网,教育",杨浦区,薪资待遇高，项目好，领导nice，带薪年病假,25k-30k,3-5年,资深数据分析师,开发/测试/运维类,数据开发,"['教育', '高级', 'SPSS', 'sas']",3335868,2017-08-29 09:40:34
上海,旅游圈,北京匹匹扣国际旅行社有限公司上海分公司,移动互联网,闸北区,"五险一金,年终奖,员工旅游",10k-15k,3-5年,高级数据分析师,开发/测试/运维类,数据开发,"['旅游', '算法', '数据挖掘', '大数据', 'SPSS']",3139144,2017-09-12 09:06:48
上海,CreditX,上海氪信信息技术有限公司,"金融,数据服务",长宁区,"AI技术,精英团队,扁平管理,弹性工作制",10k-20k,不限,数据分析师,开发/测试/运维类,数据开发,"['数据挖掘', '机器学习', '人工智能']",2790946,2017-09-01 16:50:41
上海,摩柏科技,上海摩柏网络科技有限公司,"金融,移动互联网",虹口区,"发展空间大,待遇优,环境好",18k-20k,1-3年,数据分析师,产品/需求/项目类,数据分析,"['金融', '高级', '数据挖掘', 'SPSS', 'sas']",3209580,2017-09-14 09:12:05
上海,美团点评,北京三快在线科技有限公司,"移动互联网,O2O",长宁区,"平台好,发展快",20k-40k,5-10年,高级数据分析师-金融平台,产品/需求/项目类,数据分析,"['资深', '大数据', '数据挖掘', 'SPSS']",3172063,2017-09-15 11:08:56
上海,易创云服,雨方智能科技（上海）有限公司,"企业服务,数据服务",杨浦区,"氛围好,鼓励创新",15k-20k,1-3年,数据分析师,产品/需求/项目类,数据分析,['企业服务'],2669057,2017-09-14 11:06:23
上海,Ekohe 易空海,易空海软件咨询（上海）有限公司,移动互联网,静安区,"五险一金,商业保险,带薪年假,午餐补贴",15k-30k,1-3年,Data Scientist-数据分析和挖掘工程师,开发/测试/运维类,数据开发,"['高级', '数据挖掘', '机器学习', '人工智能', 'Ruby', 'python']",3238852,2017-09-15 10:42:48
上海,水象金融,上海水象金融信息服务有限公司,"电子商务,金融",闵行区,"五险一金,年终奖金,带薪年假,节日福利",10k-20k,1-3年,数据分析师（闵行区）,开发/测试/运维类,数据开发,"['银行', '数据挖掘', '大数据', 'SPSS', 'sas']",3053837,2017-09-01 09:52:01
上海,华院数据,华院数据技术（上海）有限公司,"企业服务,数据服务",杨浦区,"五险一金,带薪年假,晋升空间大,公司前景",10k-15k,1-3年,数据分析工程师,开发/测试/运维类,数据开发,[],3250305,2017-09-15 15:19:22
上海,时年信息,上海时年信息科技有限公司,"移动互联网,游戏",,年薪15薪以上，期权股权不是梦想,10k-20k,1-3年,数据分析师,设计,用户研究,[],2394800,2017-09-14 12:52:37
上海,敬众数据,上海敬众数据处理有限公司,"电子商务,数据服务",徐汇区,"大数据,金融,征信,航旅",15K-30K,1-3年,数据分析师,产品/需求/项目类,数据分析,"['金融', '高级', '大数据', '数据挖掘', '建模']",3442165,2017-09-08 09:04:42
上海,饿了么,拉扎斯网络科技（上海）有限公司,移动互联网,普陀区,大平台，新技术。,15k-25k,3-5年,数据分析产品经理,产品/需求/项目类,产品设计/需求分析,['大数据'],2807187,2017-09-13 11:08:28
上海,上海中文,上海中文在线文化发展有限公司,"教育,移动互联网",黄浦区,"大牛亲自带,晋升空间广,团队年轻化,福利不停享",10k-15k,1-3年,数据分析工程师,开发/测试/运维类,数据开发,"['大数据', 'Java', '算法']",3438043,2017-09-05 11:28:44
上海,CPG,上海康朴企业管理咨询有限公司,企业服务,青浦区,"六险一金,免费班车,福利补贴",30k-40k,1-3年,高级数据分析师,产品/需求/项目类,数据分析,"['数据挖掘', 'SPSS']",3570526,2017-09-15 16:23:45
上海,UCloud,上海优刻得信息科技有限公司,"数据服务,企业服务",杨浦区,"弹性工作,D轮融资,奖金丰厚,技术挑战大",10k-20k,1-3年,TPL-数据分析工程师,产品/需求/项目类,数据分析,"['SQL', 'SPSS', 'sas']",3525890,2017-09-13 10:13:02
上海,掌门1对1在线教育,上海翼师网络科技有限公司,"移动互联网,教育",虹口区,"气氛佳,团队好,晋升空间大",6k-9k,1-3年,数据分析专员,市场/商务/销售类,市场/营销,"['SPSS', 'sas']",3591580,2017-09-13 14:03:11
上海,通联数据,通联数据股份公司,金融,虹口区,"福利待遇好,团队氛围好",20k-40k,不限,数据分析工程师,开发/测试/运维类,数据开发,"['金融', '大数据']",2738731,2017-09-12 18:40:14
上海,同界,上海同界商务咨询有限公司,"数据服务,广告营销",徐汇区,数据分析,8k-12k,1-3年,数据分析师,产品/需求/项目类,数据分析,"['高级', '大数据', '数据挖掘']",3418864,2017-09-16 21:25:53
上海,四卜格,上海四卜格网络科技有限公司,"移动互联网,社交网络",杨浦区,"发展机会多,薪资待遇好,公司平台大",18k-35k,3-5年,高级数据分析师,开发/测试/运维类,数据开发,"['金融', '数据挖掘', '大数据', 'SPSS']",3564371,2017-09-04 14:34:36
上海,唯智信息,唯智信息技术（上海）有限公司,"移动互联网,其他",长宁区,"团队氛围好,成长速度快",7k-13k,1-3年,数据分析师,开发/测试/运维类,数据开发,"['云计算', '中级', '数据挖掘', '数据仓库', 'SQL']",3606125,2017-09-13 19:07:33
上海,百融金服,百融（北京）金融信息服务股份有限公司,"金融,数据服务",浦东新区,"五险一金,弹性工作,福利补贴",10k-20k,1-3年,数据分析师/高级数据分析师：上海,产品/需求/项目类,数据分析,"['金融', '数据挖掘', 'SPSS', 'sas']",3119967,2017-08-25 18:26:52
上海,众谱伟信,众谱伟信,"金融,移动互联网",浦东新区,"五险一金,部门团建,节日福利",8k-15k,1-3年,数据分析岗,金融类,风控,"['建模', '大数据', '数据挖掘', '算法']",3339161,2017-09-07 11:52:56
上海,袋马科技,袋马智能科技（上海）有限公司,硬件,闵行区,"人工智能,开放性项目",10k-15k,不限,数据分析岗,开发/测试/运维类,数据开发,"['数据挖掘', '机器学习', '模式识别', '人工智能', '大数据']",2779352,2017-09-15 15:31:58
上海,达内集团,达内时代科技集团有限公司,"移动互联网,教育",浦东新区,五险一金 带薪年假 员工福利 国内外旅游,6k-8k,1-3年,数据分析专员,产品/需求/项目类,数据分析,"['大数据', 'EXCEL']",3554480,2017-09-14 18:51:20
上海,派兰数据,上海派兰数据科技有限公司,"数据服务,医疗健康",长宁区,福利好 带薪年假 弹性工作 高能TEAM,7k-9k,不限,数据分析师,技术,后端开发,['大数据'],1400917,2017-08-22 09:51:03
上海,永辉超市股份有限公司,永辉超市股份有限公司,"电子商务,O2O",徐汇区,500强公司 O2O 晋升空间大,10k-15k,1-3年,数据分析,产品/需求/项目类,产品设计/需求分析,"['用户研究', '大数据']",2671623,2017-09-04 15:08:11
上海,饿了么,拉扎斯网络科技（上海）有限公司,移动互联网,普陀区,大平台，新技术。,15k-25k,3-5年,数据分析产品经理,产品/需求/项目类,产品设计/需求分析,['大数据'],2807187,2017-09-13 11:08:28
上海,彭珠贸易,深圳市彭珠贸易有限公司,"移动互联网,企业服务",浦东新区,"海外机会,13薪,税后薪资,带薪年假",7k-10k,1-3年,数据分析专员,产品/需求/项目类,数据分析,"['游戏', 'BI', '业务运营', 'SPSS']",3485147,2017-08-29 11:04:59
上海,浅橙科技,上海浅橙网络科技有限公司,"移动互联网,金融",杨浦区,"年底双薪,员工旅游,生日会,节日福利",8k-12k,1-3年,数据分析专员,产品/需求/项目类,数据分析,"['支付', '运营', '运维']",3289719,2017-09-14 10:05:41
上海,携程,携程计算机技术（上海）有限公司,"移动互联网,旅游",长宁区,团队氛围好 大平台 行业领 发展空间大,20k-40k,5-10年,数据分析高级经理,开发/测试/运维类,数据开发,[],2720548,2017-09-15 09:20:18
上海,网聚宝,上海云贝网络科技有限公司,"电子商务,数据服务",浦东新区,"年底双薪,绩效奖金,员工旅游,五险一金",8k-12k,3-5年,数据分析师,产品/需求/项目类,数据分析,"['电商', '大数据', 'BI', 'SPSS', 'sas']",3531983,2017-09-14 17:47:52
上海,多喜爱家纺电商,多喜爱信息技术有限公司,电子商务,闸北区,"团队氛围好,领导好,学习机会多,电商数据",4k-6k,1-3年,数据专员 数据分析,产品/需求/项目类,数据分析,"['电商', '大数据', 'BI', '实习生']",3512892,2017-09-14 10:40:16
上海,爱回收,上海悦易网络信息技术有限公司,"电子商务,O2O",杨浦区,"14薪,D轮,发展空间大",30k-50k,5-10年,数据分析师,产品/需求/项目类,数据分析,"['BI', '数据挖掘', 'SPSS']",3554487,2017-09-15 11:12:29
上海,五达投资,五达投资管理（上海）有限公司,"企业服务,金融",浦东新区,"发展空间大,转正调薪,五险一金,周末双休",8k-10k,1年以下,数据分析工程师,产品/需求/项目类,数据分析,"['金融', '高级', '数据挖掘', 'SPSS', 'sas']",3435627,2017-09-07 09:52:02
上海,上海美华系统有限公司,上海美华系统有限公司,"移动互联网,数据服务",长宁区,"发展空间大,工作氛围好",8k-15k,1-3年,数据分析师,开发/测试/运维类,数据开发,"['教育', 'SPSS']",2946884,2017-08-28 09:57:56
上海,同程旅游,同程网络科技股份有限公司,"旅游,电子商务",浦东新区,牛人汇聚,10k-15k,3-5年,数据分析师/数据运营,运营/编辑/客服,运营,"['高级', '大数据', '数据挖掘']",3485931,2017-09-14 11:19:12
上海,FCG,上海潮泊企业管理咨询有限公司,企业服务,青浦区,"数据挖掘,数据分析",25k-35k,1-3年,高级数据分析师,开发/测试/运维类,数据开发,"['数据挖掘', 'SPSS']",3608970,2017-09-14 13:55:01
上海,嗨皮网络,嗨皮（上海）网络科技股份有限公司,"移动互联网,广告营销",徐汇区,"发展空间,学习晋升,福利不断",4k-8k,不限,数据分析实习生,产品/需求/项目类,数据分析,"['影视', '移动互联网', '专员', '助理']",3516341,2017-09-14 13:21:58
上海,平安人寿,中国平安人寿保险股份有限公司,金融,浦东新区,福利好 岗位晋升 免费班车 年终奖,7k-12k,1-3年,数据分析岗,市场/商务/销售类,市场/营销,"['金融', '大数据', 'SPSS', '数据管理']",3471332,2017-09-14 10:17:04
上海,宜信,普信恒业科技发展（北京）有限公司,金融,浦东新区,"成长空间大,优秀团队,知名平台",10k-20k,不限,数据创新-数据分析专员,开发/测试/运维类,数据开发,['专家'],3578699,2017-09-12 17:38:52
上海,京东商城,北京京东世纪贸易有限公司,电子商务,长宁区,"发展好,平台大",20k-40k,3-5年,商业数据分析部署工程师,市场/商务/销售类,市场/营销,"['市场拓展', '技术', 'R']",3578563,2017-09-07 09:38:52
上海,饿了么,拉扎斯网络科技（上海）有限公司,移动互联网,普陀区,团队年轻，自由发挥，薪资优势，全薪病假,9k-14k,1-3年,高级数据分析师,产品/需求/项目类,数据分析,"['大数据', '数据挖掘', 'SPSS', 'sas']",3426804,2017-09-11 19:46:00
上海,货车帮,贵阳货车帮科技有限公司,"移动互联网,电子商务",长宁区,"五险一金,有前景",7k-10k,不限,数据分析员,金融类,风控,"['金融', '风控']",3406990,2017-09-15 16:32:53
上海,华通银行,福建华通银行股份有限公司,"金融,移动互联网",浦东新区,发展空间大,15k-30k,1-3年,数据分析平台工程师,开发/测试/运维类,软件开发,"['软件开发', '大数据', 'spark', 'hadoop']",3294182,2017-08-28 16:26:49
上海,知卓创新资本,网卓投资管理（上海）有限公司,"移动互联网,金融",浦东新区,"氛围轻松,五险一金,行业牛人",6k-10k,1-3年,数据分析岗,产品/需求/项目类,数据分析,"['金融', '专员', '统计', 'SPSS', 'sas']",3590906,2017-09-14 12:10:46
上海,普资金服,上海普资金融信息服务股份有限公司,金融,浦东新区,"公司发展好,带薪年休假,海外旅游,年终奖金",8k-15k,1-3年,数据分析师,运营/编辑/客服,运营,"['大数据', '数据挖掘', 'SQL']",3510925,2017-09-11 11:25:17
上海,维信金融科技集团,上海维信荟智金融科技有限公司,金融,闸北区,"专业培训,稳定平台",8k-11k,1-3年,数据分析专员J10599,金融类,风控,['风控'],3407861,2017-09-15 17:27:57
上海,上海展盟,上海展盟网络科技有限公司,移动互联网,浦东新区,"管理扁平化,有挑战,年终奖,项目奖金",6k-10k,3-5年,数据分析,产品/需求/项目类,数据分析,['SPSS'],3453538,2017-09-11 13:34:46
上海,美团点评,北京三快在线科技有限公司,"移动互联网,O2O",长宁区,"补充医保,弹性工作,餐补",18k-30k,1-3年,资深数据分析师（POI业务）,产品/需求/项目类,数据分析,['Java'],2730793,2017-09-09 09:51:34
上海,还呗-智能信贷领先者,上海数禾信息科技有限公司,"移动互联网,金融",浦东新区,"移动金融,未来金矿,精英团队,助力成长",10k-20k,1-3年,风险数据分析岗,金融类,风控,"['金融', '风控', '证券']",3490032,2017-09-14 10:01:36
上海,Datatist,上海画龙信息科技有限公司,"数据服务,广告营销",徐汇区,"大数据公司,硅谷团队,股票期权,带薪假期",15k-30k,3-5年,高级商业数据分析师,产品/需求/项目类,数据分析,"['大数据', 'BI']",2547009,2017-09-15 15:48:30
上海,微医集团,浙江康健绿线网络技术有限公司,"移动互联网,医疗健康",徐汇区,周末双休 带薪年假 人才推荐奖 节日福利,6k-10k,1-3年,数据分析师-移动端用户行为分析（埋点）,运营,运营,[],1969409,2017-09-15 09:14:31
上海,证通股份,证通股份有限公司,"移动互联网,金融",浦东新区,"带薪年假,五险一金,午餐补助",13k-25k,不限,数据分析岗（彩票项目）,产品/需求/项目类,数据分析,"['媒体', '彩票', '体育运动', 'SPSS', 'sas']",3601687,2017-09-15 09:01:25
上海,百融金服,百融（北京）金融信息服务股份有限公司,"金融,数据服务",浦东新区,六险一金 福利补贴 年终奖金,15k-20k,1-3年,高级数据分析师,设计,用户研究,"['金融', '数据挖掘', '建模', 'SPSS']",2561891,2017-08-25 18:26:34
上海,全程网络,商宴通（上海）网络科技有限公司,"企业服务,O2O",杨浦区,薪酬工资高、发展前景、行业标杆、美女多,10k-18k,1-3年,商业数据分析师,市场与销售,市场/营销,"['金融', 'BI']",1210371,2017-09-15 09:29:33
上海,添锡信息科技,上海添锡信息技术有限公司,金融,浦东新区,"项目奖金,弹性工作,旅游补贴,大牛团队",8k-15k,1-3年,数据分析师,产品/需求/项目类,数据分析,"['金融', '专员', '数据挖掘', 'SPSS', 'sas']",3500727,2017-09-12 19:39:54
上海,饿了么,拉扎斯网络科技（上海）有限公司,移动互联网,普陀区,领导好，职业发展好,8k-12k,3-5年,数据分析师（偏分析）,产品/需求/项目类,数据分析,"['大数据', '数据挖掘', 'SPSS', 'sas']",3480981,2017-09-14 17:49:17
上海,鸿冠信息,上海鸿冠信息科技股份有限公司,移动互联网,黄浦区,"团队氛围,职位发展好",8k-15k,1-3年,数据分析师,开发/测试/运维类,数据开发,"['数据挖掘', 'SPSS']",3498970,2017-09-07 09:25:25
上海,阔迎,上海阔迎网络科技有限公司,"移动互联网,金融",徐汇区,"个人分红,年底双薪,福利待遇多,年轻活跃",10k-20k,1-3年,金融数据分析师,金融类,证券/期货,"['股票', '总监', '证券', '主管', '操盘手', '分析员']",3287567,2017-09-06 18:13:22
上海,PPTV聚力,上海聚力传媒技术有限公司,文化娱乐,浦东新区,各种补贴 与网红近距离接触,10k-20k,3-5年,数据分析师（龙珠直播）,开发/测试/运维类,数据开发,"['直播', '大数据', '数据挖掘', 'SPSS', 'sas']",3005608,2017-09-15 10:23:56
上海,美团点评,北京三快在线科技有限公司,"移动互联网,O2O",徐汇区,"五险一金,年终奖,补充医保,弹性工作",7k-10k,1-3年,上海高级数据分析专员,产品/需求/项目类,数据分析,[],3367395,2017-09-14 11:38:16
上海,宜信,普信恒业科技发展（北京）有限公司,金融,浦东新区,"六险一金,优势团队",20k-40k,3-5年,数据分析算法工程师,开发/测试/运维类,数据开发,"['资深', '高级', '数据挖掘', '机器学习']",3542894,2017-08-29 14:48:25
上海,上海乐去做,上海乐去做信息技术有限公司,其他,杨浦区,福利待遇，发展空间,30K-40K,5-10年,数据分析经理,产品/需求/项目类,数据分析,[],3213941,2017-09-14 10:09:21
上海,和讯网,和讯信息科技有限公司,移动互联网,黄浦区,"平台好,福利多,团队氛围好",13k-20k,1-3年,中高级数据分析师/Tableau,开发/测试/运维类,数据开发,"['中级', 'SQL', 'BI']",3559539,2017-09-01 16:48:49
上海,RMS润通航服,润通航运服务有限公司,"生活服务,其他",浦东新区,"企业文化,年终奖,年度旅游,丰富的午餐",4k-8k,1-3年,数据分析专员,开发/测试/运维类,数据开发,['统计'],3593618,2017-09-11 16:57:31
上海,众谱伟信,众谱伟信,"金融,移动互联网",浦东新区,"五险一金,部门团建,节日福利",8k-15k,1-3年,数据分析师,开发/测试/运维类,数据开发,"['数据挖掘', '大数据', '建模']",3311058,2017-09-07 11:52:51
上海,客锐市场信息,客锐市场信息咨询（上海）有限公司,数据服务,静安区,"机会多,接触面广",4k-8k,不限,数据分析员,产品/需求/项目类,数据分析,['专员'],3517734,2017-09-15 09:56:08
上海,掌悦理财,上海顽色投资管理有限公司,"电子商务,金融",浦东新区,"五险一金,周末双休,领导nic,公司氛围好",8k-15k,1-3年,数据分析,产品/需求/项目类,数据分析,"['借贷', '大数据', '数据挖掘', 'SPSS', 'sas']",3563813,2017-09-07 16:58:45
上海,个推,浙江每日互动网络科技股份有限公司,移动互联网,静安区,"互联网独角兽公司,海量数据，福利好",12k-18k,不限,商业数据分析,市场与销售,数据分析,"['企业服务', 'BI']",2547094,2017-09-14 10:40:13
上海,simplyBrand,信励（上海）信息科技有限公司,数据服务,黄浦区,大数据 热门领域 国际化团队,15k-25k,3-5年,Sr. Analyst （高级数据分析师）,开发/测试/运维类,数据开发,['数据挖掘'],2635754,2017-09-11 11:02:44
上海,斗鱼直播,武汉斗鱼网络科技有限公司,移动互联网,杨浦区,"五险一金,18薪,餐补,带薪年假",8k-13k,1-3年,高级数据分析师,产品/需求/项目类,数据分析,[],2789947,2017-08-30 11:59:12
上海,饿了么,拉扎斯网络科技（上海）有限公司,移动互联网,普陀区,薪资报酬高，福利待遇高,10k-15k,不限,资深数据分析师(有菜项目部),运营/编辑/客服,运营,"['电商', '专员', 'SPSS', '数据管理']",3572762,2017-09-05 21:17:29
上海,拓端数据,杭州拓端数据科技有限公司,"数据服务,电子商务",宝山区,"弹性工作,零食茶点,丰富活动",8k-12k,不限,数据分析师,产品/需求/项目类,数据分析,"['大数据', 'BI', '专员', '数据挖掘', 'SPSS']",2723079,2017-08-22 12:39:28
上海,Seedeer,天|（上海）电子商务有限公司,"电子商务,企业服务",虹口区,"平台广阔,五险一金,专业培训",6k-12k,1-3年,数据分析师,产品/需求/项目类,数据分析,"['电商', '物流', '大数据', 'CRM', '供应链']",3244698,2017-09-15 09:05:00
上海,爱回收,上海悦易网络信息技术有限公司,"电子商务,O2O",杨浦区,"14薪,期权,发展空间大",30k-50k,5-10年,高级数据分析经理,开发/测试/运维类,数据开发,"['专家', '资深', 'SPSS', 'sas']",3611519,2017-09-15 11:12:30
上海,般胜投资,上海般胜投资管理有限公司,金融,松江区,团队氛围好,10k-15k,1-3年,数据分析师,产品/需求/项目类,数据分析,"['电商', '大数据', '数据挖掘', 'SPSS', 'sas']",2879052,2017-09-11 12:28:00
上海,金棕榈,上海棕榈电脑系统有限公司,"电子商务,数据服务",静安区,"优秀团队,福利硬货,公司沉稳,互联网公司",8k-10k,不限,数据分析师,开发/测试/运维类,数据开发,"['算法', '大数据', '数据挖掘', 'BI', '数据开发']",3553942,2017-09-07 10:35:37
上海,中鑫财富商业保理有限公司,中鑫财富商业保理有限公司,金融,静安区,数据分析,6k-9k,1-3年,数据分析专员,市场/商务/销售类,市场/营销,"['金融', 'SPSS']",3487873,2017-08-16 09:59:35
上海,美团点评,北京三快在线科技有限公司,"移动互联网,O2O",长宁区,"五险一金,弹性工作,节日福利,年度体检",12k-20k,1年以下,数据分析师（展示广告）,产品/需求/项目类,数据分析,[],3311959,2017-09-12 15:10:32
上海,银天下,上海银天下投资管理集团有限公司,金融,浦东新区,"上市公司,专业团队,福利好,团队氛围好",8k-15k,1年以下,数据分析师（编号：SHJS004）,产品/需求/项目类,数据分析,"['BI', '数据挖掘', 'SPSS', 'sas']",3529078,2017-09-11 11:53:41
上海,本来生活网,北京本来工坊科技有限公司,电子商务,徐汇区,"美食,大数据,用户运营,数据分析",6k-12k,不限,数据分析,运营/编辑/客服,运营,"['电商', '移动互联网', '用户', '活动运营', '用户研究']",3559585,2017-09-11 12:42:54
上海,上海粒数网络科技有限公司,上海粒数网络科技有限公司,数据服务,长宁区,"年终奖,房补，车补,五险一金,年假5天",8k-15k,不限,数据分析师,产品/需求/项目类,数据分析,"['大数据', '专员', '数据挖掘']",3530387,2017-08-25 13:46:22
上海,上海美华系统有限公司,上海美华系统有限公司,"移动互联网,数据服务",长宁区,"发展空间大,工作氛围好,成长快",9k-16k,3-5年,大数据咨询顾问（数据分析方向）,开发/测试/运维类,数据开发,"['数据挖掘', '建模']",2947580,2017-08-28 09:58:18
上海,能猫工作室,上海乙央电子商务有限公司,电子商务,,高薪 发展 环境好,4k-7k,1年以下,商品专员/货控/数据分析专员/百盛ERP,产品,产品经理,"['电商', '企业软件']",2198450,2017-08-29 14:42:07
上海,快更视频,上海晟品网络科技有限公司,"移动互联网,文化娱乐",徐汇区,"12天带薪,包2餐,牛人带队",20k-40k,3-5年,高级产品经理（数据分析方向）,产品/需求/项目类,产品设计/需求分析,"['移动互联网', '用户研究']",3532017,2017-09-15 11:48:41
上海,微鲸科技,微鲸科技有限公司,移动互联网,浦东新区,五险一金 弹性工作制,20k-40k,5-10年,产品经理（数据分析）,产品,产品经理,['大数据'],2263926,2017-09-11 11:15:04
上海,STORM,伺动常客公共关系咨询（上海）有限公司,"广告营销,数据服务",静安区,"上升空间,业务丰富,氛围愉悦",6k-10k,不限,数据分析,产品/需求/项目类,数据分析,"['资深', '高级', 'BI', '可视化', '专员']",3582640,2017-09-07 17:32:08
上海,arvato China,上海贝塔斯曼商业服务有限公司,"广告营销,数据服务",闸北区,提升空间大 培训体系完善 数据接触面广,7k-12k,3-5年,数据分析师--SQL,技术,DBA,[],1309159,2017-09-13 10:06:41
上海,岂凡网络,深圳岂凡网络有限公司,游戏,浦东新区,"餐补,五险一金",15k-30k,3-5年,高级游戏数据分析师,产品/需求/项目类,数据分析,"['游戏', '大数据', '数据挖掘', '建模', 'SPSS']",3552476,2017-09-06 11:36:34
上海,国泰君安证券股份有限公司,国泰君安证券股份有限公司,金融,浦东新区,国内综合实力最强的证券公司之一,10k-20k,3-5年,风险数据分析,开发/测试/运维类,数据开发,['金融'],2638424,2017-09-04 09:06:03
上海,360企业安全,北京奇安信科技有限公司,"电子商务,企业服务",黄浦区,五险一金、餐补、带薪年假、节日福利,8k-16k,1-3年,安全数据分析师,产品/需求/项目类,数据分析,"['信息安全', '网络安全', '逆向']",3326739,2017-09-14 10:46:13
上海,拍拍贷,上海拍拍贷金融信息服务有限公司,金融,浦东新区,明星团队,18k-25k,5-10年,数据分析专家（市场部）,产品/需求/项目类,产品设计/需求分析,"['用户研究', '需求分析']",3378707,2017-09-04 00:28:19
上海,势航网络,上海势航网络科技有限公司,"移动互联网,企业服务",青浦区,"优厚待遇,股权激励,舞台广,快速上升",10k-20k,1-3年,数据分析师（车联网产品方向）,产品/需求/项目类,数据分析,"['物流', '大数据', '数据挖掘']",3598872,2017-09-15 10:21:37
上海,上海你我贷互联网金融信息服务,嘉银（上海）金融信息服务有限公司,金融,浦东新区,"专业培训,五险一金,绩效奖金,餐饮补贴",30k-50k,1-3年,数据分析师（业务方向）,开发/测试/运维类,数据开发,['大数据'],2861888,2017-09-11 10:40:15
上海,心云医疗,上海心云医药科技有限公司,"移动互联网,医疗健康",青浦区,五险一金,4k-6k,不限,数据分析师,产品/需求/项目类,数据分析,"['客服', '运营']",3557073,2017-09-07 17:10:26
上海,卡行天下,上海卡行天下供应链管理有限公司,移动互联网,长宁区,打造专业BI团队 公司美女帅哥如云,7k-10k,1-3年,初级数据分析师,产品/需求/项目类,数据分析,"['数据挖掘', 'SPSS', 'sas']",3475894,2017-08-28 20:29:55
上海,彪洋科技,彪洋科技（北京）有限公司,"移动互联网,广告营销",长宁区,"七险一金,弹性工作,年底双薪",5k-7k,不限,初级数据分析师,开发/测试/运维类,数据开发,"['数据挖掘', 'SPSS']",3463744,2017-09-15 11:02:40
上海,善洽堂,上海善洽堂市场营销策划有限公司,其他,青浦区,待遇从优,7K-9K,1-3年,数据分析师,产品/需求/项目类,数据分析,[],3367851,2017-08-28 11:09:23
上海,上海睿渠,上海睿渠网络技术有限公司,"移动互联网,O2O",浦东新区,"晋升空间大,节日福利,弹性工作,绩效奖金",8k-10k,1-3年,数据分析师,开发/测试/运维类,数据开发,"['旅游', '数据挖掘', 'SPSS']",3497033,2017-08-22 14:53:14
上海,甬巨金服,甬钜信息科技（上海）有限公司,金融,宝山区,"福利好,晋升空间大,扁平式管理,团队融洽",6k-8k,1年以下,数据运营/数据分析专员,运营/编辑/客服,运营,"['金融', '大数据']",3596048,2017-09-15 09:02:26
上海,凯京集团,上海凯京信达科技集团有限公司,金融,浦东新区,大数据金融 弹性工作 待遇丰厚,7k-10k,不限,数据分析专员,运营,运营,[],1768396,2017-09-12 17:05:27
上海,上海你我贷互联网金融信息服务,嘉银（上海）金融信息服务有限公司,金融,浦东新区,弹性工作 工作环境好 带薪年假 绩效奖金,13k-25k,3-5年,数据分析师（挖掘建模）,开发/测试/运维类,数据开发,"['金融', '数据挖掘']",3479855,2017-09-11 12:35:56
上海,运去哪,上海汇航捷讯网络科技有限公司,"电子商务,企业服务",黄浦区,"五险一金,饭补",15k-25k,1-3年,BI数据分析师,产品/需求/项目类,数据分析,"['资深', '数据挖掘', 'SPSS']",3161001,2017-09-15 13:11:39
上海,腾讯,腾讯科技(深圳)有限公司,"移动互联网 ,游戏",徐汇区,"夜宵,班车,玩游戏,搞数据",20k-25k,3-5年,游戏数据分析师,产品/需求/项目类,数据分析,"['游戏', '高级', '大数据', '专员', '用户研究']",3554495,2017-09-05 11:25:57
上海,上海硕恩,上海硕恩网络科技股份有限公司,"数据服务,电子商务",黄浦区,"绩效奖金,年终奖金,五险一金,发展空间大",15k-25k,3-5年,SAS数据分析专家,开发/测试/运维类,数据开发,"['银行', '资深', '数据挖掘']",3489753,2017-09-11 13:59:32
上海,嘉桥数据咨询,上海嘉桥信息科技有限公司,数据服务,黄浦区,"薪资高,晋升快,环境好,福利多",6k-12k,应届毕业生,数据分析/数据运营/数据处理/数据统计,开发/测试/运维类,数据开发,"['金融', '数据管理']",3369691,2017-09-15 10:02:49
上海,小赢科技,深圳市赢众通金融信息服务有限责任公司,金融,黄浦区,富诱惑力的薪酬、良好的发展机会,10k-20k,1-3年,金融数据分析师,产品/需求/项目类,数据分析,['金融'],2566134,2017-08-29 10:29:54
上海,传神,传神（中国）网络科技有限公司,电子商务,长宁区,行业老大，AI 风口，上升空间，团队专业,15k-25k,3-5年,BI 数据分析师,产品/需求/项目类,数据分析,"['资深', '高级', '大数据', 'growth hacking']",3583027,2017-09-07 18:34:19
上海,英臻科技,无锡英臻科技有限公司,硬件,长宁区,"团队年轻,在校实习",3k-5k,不限,数据分析实习生,产品/需求/项目类,数据分析,"['大数据', '数据挖掘', 'SPSS', 'sas']",3559976,2017-09-01 17:46:26
上海,爱回收,上海悦易网络信息技术有限公司,"电子商务,O2O",杨浦区,"D轮公司,期权激励,丰厚年终奖,晋升快",15k-25k,3-5年,风控数据分析师,产品/需求/项目类,数据分析,"['资深', '数据挖掘', 'SPSS', 'sas']",3509312,2017-09-15 11:12:25
上海,京东,京东商城,电子商务,长宁区,"大平台,弹性工时",12k-24k,1-3年,风控数据分析岗,产品/需求/项目类,数据分析,"['信息安全', '数据挖掘']",3058143,2017-09-15 09:49:41
上海,韦博教育集团,上海浦东新区韦博进修学校,教育,徐汇区,"脑洞大开,慧眼识数据,错峰上下班,老板与时俱",9k-11k,3-5年,韦博集团总部数据分析主管,产品/需求/项目类,数据分析,"['教育', '资深', '大数据', '业务运营', '数据管理']",3537103,2017-08-28 14:37:44
上海,现金侠,上海利全信息科技服务有限公司,"移动互联网,金融",长宁区,"技术氛围好,领导是大牛,发展空间大,办公环境好",13k-25k,3-5年,高级数据分析（风控）,开发/测试/运维类,数据开发,"['金融', '支付', '算法', '量化']",2904471,2017-09-14 09:58:27
上海,民爱贷,上海民爱互联网金融信息服务有限公司,"移动互联网,金融",松江区,"数据分析,互联网金融,数据挖掘",8k-12k,3-5年,数据分析专员,产品/需求/项目类,数据分析,['金融'],3327321,2017-08-18 12:53:54
上海,空中金融,上海企翱网络科技有限公司,"移动互联网,金融",浦东新区,细心,6k-10k,1-3年,数据分析（现金贷）,运营/编辑/客服,审核,"['大数据', 'SPSS', 'sas']",3311444,2017-09-12 16:26:34
上海,携程,携程计算机技术（上海）有限公司,"移动互联网,旅游",长宁区,旅游老大等你来,8k-16k,1-3年,商业数据分析师,产品/需求/项目类,数据分析,"['旅游', 'BI']",2878071,2017-09-15 18:14:26
上海,嘉桥数据咨询,上海嘉桥信息科技有限公司,数据服务,黄浦区,"待遇好,福利多,环境好,晋升快",6k-12k,1年以下,数据分析/数据运营/数据处理/数据统计,产品/需求/项目类,数据分析,"['大数据', 'SPSS', '数据管理']",3369897,2017-09-15 10:02:49
上海,上海硕恩,上海硕恩网络科技股份有限公司,"数据服务,电子商务",黄浦区,"绩效奖金,五险一金,绩效奖金,发展空间大",15k-30k,5-10年,银行业个人金融业务数据分析专家,金融类,银行,"['金融', '银行', '风控', '分析师', 'sas', '信贷管理']",3489693,2017-09-11 13:59:33
上海,小赢科技,深圳市赢众通金融信息服务有限责任公司,金融,虹口区,良好的发展前景，富有诱惑力的薪酬,25k-30k,3-5年,金融数据分析经理,金融类,风控,"['金融', '统计', 'sas']",3429166,2017-08-29 10:29:54
上海,沪江,沪江教育科技（上海）股份有限公司,"移动互联网,教育",浦东新区,待遇优厚，快速成长，弹性工作制,15k-30k,3-5年,高级数据分析师（平台 直播 流媒体）(J10914）,产品/需求/项目类,数据分析,"['电商', '媒体', '建模']",3137448,2017-09-15 19:51:26
上海,饿了么,拉扎斯网络科技（上海）有限公司,移动互联网,普陀区,数据领域大神等你一起来玩耍～,15k-30k,1-3年,数据分析师（数据挖掘产品）,产品/需求/项目类,数据分析,"['资深', '高级', '大数据', 'SPSS']",3462732,2017-08-31 19:28:26
上海,拍拍贷,上海拍拍贷金融信息服务有限公司,金融,浦东新区,晋升空间大,15k-30k,3-5年,风险数据分析师(移动政策),开发/测试/运维类,数据开发,['大数据'],3364866,2017-09-04 00:28:19
上海,数旦信息,上海数旦信息技术有限公司,"移动互联网,金融",徐汇区,技术大牛扎堆，学习机会多，免费零食饮料,3k-4k,不限,数据分析工程师（实习）,技术,后端开发,"['金融', '量化']",1619790,2017-09-14 08:58:40
上海,arvato China,上海贝塔斯曼商业服务有限公司,"广告营销,数据服务",闸北区,工作环境高大上 成长速度快猛狠 福利好,8k-15k,1-3年,商业数据分析顾问,市场与销售,市场/营销,['BI'],1235580,2017-09-13 10:06:42
上海,上海粒数网络科技有限公司,上海粒数网络科技有限公司,数据服务,长宁区,"入职享年假,五险一金,节假日红包,年终奖金",6k-12k,不限,初级数据分析师,产品/需求/项目类,数据分析,"['大数据', '专员', '助理', '数据挖掘', 'SPSS']",3530417,2017-08-25 13:51:40
上海,NextTao 互道信息,互道信息技术（上海）有限公司,"移动互联网,电子商务",浦东新区,"弹性工作,氛围好,领导牛逼",15k-30k,3-5年,BI专家（数据分析师）,开发/测试/运维类,数据开发,"['大数据', '数据挖掘', 'SPSS']",3075821,2017-09-15 09:25:18
上海,实惠,上海帷米商务信息咨询有限公司,"移动互联网,生活服务",闸北区,"百人团队,年底3薪",18k-25k,3-5年,高级数据分析师（大数据BI）,开发/测试/运维类,数据开发,"['中级', '数据挖掘']",3166032,2017-09-15 09:22:00
上海,平安银行,平安银行股份有限公司,金融,浦东新区,五险一金，节假日休息,20k-40k,3-5年,信用卡核心系统研发 数据分析/机器学习,开发/测试/运维类,数据开发,"['大数据', '数据挖掘', '算法', '自然语言处理']",3361275,2017-09-14 14:57:51
上海,rupiahplus,上海印闪网络科技有限公司,"移动互联网,金融",徐汇区,"出国旅游,福利多,氛围佳,牛人多",15k-30k,1-3年,风控数据分析师,产品/需求/项目类,数据分析,"['银行', '高级', '数据挖掘', 'SPSS', 'sas']",3588040,2017-09-09 02:45:38
上海,平安金服,深圳平安综合金融服务有限公司,"金融,数据服务",浦东新区,"六险二金,年终奖,带薪休假,过节福利",12k-20k,1-3年,资深数据分析岗（数据营销中心）,开发/测试/运维类,数据开发,"['金融', '算法', '数据挖掘', '数据管理']",3580086,2017-09-14 15:35:47
上海,2345.com,上海二三四五网络科技有限公司,"数据服务,移动互联网",浦东新区,"平台发展快,薪资福利好,管理灵活,领导好",15k-25k,3-5年,高级数据分析师（风控）,产品/需求/项目类,数据分析,"['金融', '银行', '征信', '量化']",3461978,2017-09-16 00:48:48
上海,小赢科技,深圳市赢众通金融信息服务有限责任公司,金融,浦东新区,富有诱惑力的薪酬，良好的发展前景,12k-20k,3-5年,数据分析主管（催收中心）,金融类,风控,"['金融', '银行', '借贷', '财务', '风控']",3540694,2017-08-29 10:31:57
上海,百度上海分公司,百度在线网络技术(北京)有限公司上海软件技术分公司,"移动互联网,数据服务",嘉定区,"BAT背景,带薪年假,多项员工福,定期体检",8k-11k,1-3年,高级数据分析师,产品/需求/项目类,数据分析,"['大数据', '可视化', '商业', 'EXCLE、SQL', 'python,R等语言']",3275441,2017-08-16 09:59:01
上海,讯实科技,上海讯实网络科技有限公司,数据服务,浦东新区,"双休,五险一金,13薪",6k-8k,1-3年,互联网数据分析师,运营/编辑/客服,运营,"['广告营销', '大数据', '数据挖掘', '用户研究']",2566650,2017-09-15 09:08:06
上海,2345.com,上海二三四五网络科技有限公司,"数据服务,移动互联网",浦东新区,"数据量大,发挥自由,发展空间大,薪资福利好",13k-25k,3-5年,高级数据分析师（贷后运营）,产品/需求/项目类,数据分析,"['资深', '大数据', 'SPSS', 'sas']",3605712,2017-09-16 00:48:47
上海,还呗-智能信贷领先者,上海数禾信息科技有限公司,"移动互联网,金融",浦东新区,"移动金融,未来金矿,精英团队,助力成长",10k-20k,1-3年,数据分析师（大数据营销方向）,市场/商务/销售类,市场/营销,"['理财', '数据挖掘']",3539469,2017-09-14 10:01:34
上海,麦博游戏 MYBO,上海麦博文化传播有限公司,"移动互联网,游戏",普陀区,"别墅办公,弹性工作制,年度旅游,无限零食",8k-15k,1-3年,数据分析师（BI）,技术,软件开发,['金融'],2492321,2017-09-15 10:55:02
上海,拍拍贷,上海拍拍贷金融信息服务有限公司,金融,浦东新区,明星团队,10k-15k,1-3年,数据分析/建模专家（经营优化）,开发/测试/运维类,数据开发,[],3419128,2017-09-04 00:28:20
上海,YHOUSE,上海悦会信息科技有限公司,移动互联网,黄浦区,发展前景好，福利多多，优势大,20k-35k,5-10年,BI数据分析主管,开发/测试/运维类,数据开发,"['金融', '电商', '资深', '高级', '数据挖掘']",3610291,2017-09-15 17:48:00
上海,平安金服,深圳平安综合金融服务有限公司,"金融,数据服务",浦东新区,"大平台,绩效奖金,免费体检,免费班车",8k-15k,不限,数据分析岗（数据营销中心）,开发/测试/运维类,数据开发,"['金融', '算法', '数据挖掘']",3227471,2017-09-14 15:35:47
上海,拼多多,杭州微米网络科技有限公司,"电子商务,移动互联网",长宁区,"平台好,团队牛,福利好",20k-40k,1-3年,数据分析工程师（风控方向）,开发/测试/运维类,数据开发,"['电商', '游戏', '大数据', '数据挖掘']",3606873,2017-09-15 10:18:18
上海,析鲸信息,上海析鲸信息科技有限公司,"数据服务,金融",杨浦区,"数理统计,经济意义",8k-12k,1-3年,风险数据分析师,金融类,风控,"['金融', '房产服务', '建模']",2864950,2017-09-07 13:14:00
上海,平安租赁,平安国际融资租赁有限公司,金融,浦东新区,"团队聚餐,五险一金,节日礼物",13k-25k,1-3年,反欺诈经理（数据分析及挖掘）(001277),产品/需求/项目类,产品设计/需求分析,['风控'],3420008,2017-08-29 12:35:38
上海,麦子金服,上海麦子资产管理有限公司,"移动互联网,金融",徐汇区,发展前景大 福利多多,25k-30k,5-10年,风控数据分析经理,开发/测试/运维类,数据开发,"['消费金融', '大数据', '量化']",2969614,2017-09-07 09:28:46
上海,云兜,上海云兜网络科技有限公司,"电子商务,教育",普陀区,"五险一金,带薪年假,做五休二,弹性工作",8k-16k,1-3年,BI数据分析,产品/需求/项目类,数据分析,"['金融', '专员', '大数据', 'SPSS']",3386312,2017-09-15 13:20:35
上海,数云,杭州数云信息技术有限公司上海分公司,"企业服务,数据服务",徐汇区,"带薪年假,专业培训,和谐团队,环境优美",7k-10k,1-3年,数据分析师（CRM）,开发/测试/运维类,数据开发,"['电商', 'BI', 'SPSS', 'sas', '数据管理']",3149463,2017-09-15 09:12:57
上海,YHOUSE,上海悦会信息科技有限公司,移动互联网,黄浦区,发展前景好,15k-25k,5-10年,高级数据分析师BI,开发/测试/运维类,数据开发,"['金融', '电商', '数据挖掘']",3403386,2017-08-25 09:55:22
上海,小赢科技,深圳市赢众通金融信息服务有限责任公司,金融,黄浦区,富诱惑力的薪酬、良好的发展机会,15k-25k,不限,风险数据分析师（风险模型）,开发/测试/运维类,数据开发,['金融'],2566088,2017-08-29 10:29:53
上海,鲜丰水果,杭州群丰果品连锁有限公司,生活服务,徐汇区,"数据,运营",5k-10k,1-3年,电商数据分析,产品/需求/项目类,数据分析,"['电商', '业务运营', '数据挖掘', 'SPSS', 'sas']",3077722,2017-09-14 11:35:59
上海,拍拍贷,上海拍拍贷金融信息服务有限公司,金融,浦东新区,明星团队,15k-25k,3-5年,客服体验数据分析师,开发/测试/运维类,数据开发,[],3402800,2017-09-09 08:37:55
上海,百融金服,百融（北京）金融信息服务股份有限公司,"金融,数据服务",浦东新区,"五险一金,弹性工作,福利补贴",10k-20k,1-3年,BI数据分析师/BI高级数据分析师：上海,产品/需求/项目类,数据分析,"['金融', '大数据', '数据挖掘']",3119998,2017-08-25 18:27:08
上海,际慧信息,上海际慧信息技术服务中心,移动互联网,浦东新区,"公司平台好,薪资福利好",15k-25k,5-10年,数据分析经理（运营）,产品/需求/项目类,数据分析,"['业务运营', '数据挖掘', 'SPSS']",3428728,2017-08-17 09:43:07
上海,怪猫游戏,上海咕么信息科技有限公司,"移动互联网,游戏",普陀区,"团队氛围好,年轻人,定期团建",8k-15k,1-3年,DMP数据分析师,市场/商务/销售类,市场/营销,"['广告营销', '大数据', '数据挖掘']",3586007,2017-09-11 13:49:01
上海,小红书,行吟信息科技（上海）有限公司,"生活服务,电子商务",黄浦区,"年底多薪,免费三餐,工作自由",8k-10k,1-3年,客服数据分析师,运营/编辑/客服,客服,"['电商', '物流', '客服', 'SPSS', 'sas']",3587911,2017-09-15 10:06:14
上海,携程,携程计算机技术（上海）有限公司,"移动互联网,旅游",长宁区,熟悉旅游、交通类电商行业优先,10k-20k,1-3年,数据分析(市场/运营),开发/测试/运维类,数据开发,"['电商', 'SPSS', 'sas']",3099140,2017-09-15 17:53:49
上海,京东商城,京东商城-无线产品研发中心,移动互联网,长宁区,"大平台,弹性工时,友好氛围",13k-26k,1-3年,风控数据分析岗,产品/需求/项目类,数据分析,"['信息安全', '大数据', '数据挖掘']",3418177,2017-09-12 10:58:48
上海,奇虎360金融,上海淇毓信息科技有限公司,"移动互联网,金融",浦东新区,团队优秀、发展空间大,15k-25k,3-5年,Java工程师（数据分析）,开发/测试/运维类,后端开发,['大数据'],3364189,2017-09-13 16:15:57
上海,宜信,普信恒业科技发展（北京）有限公司,金融,浦东新区,"六险一金,紧邻地铁,优势团队,创新产品",20k-30k,3-5年,高级数据分析师（风控方向）,开发/测试/运维类,数据开发,"['资深', '反作弊', '建模', '数据治理']",3562784,2017-09-04 10:37:13
上海,平安租赁,平安国际融资租赁有限公司,金融,浦东新区,"五险一金,500强",10k-18k,1-3年,数据分析经理（运营）(001119),运营/编辑/客服,运营,[],3414810,2017-08-29 12:43:41
上海,点牛金融,点牛互联网金融信息服务有限公司,金融,浦东新区,良好的办公环境及发展,10k-15k,1-3年,BI数据分析师,运营,运营,[],2519908,2017-09-14 15:19:47
上海,驴妈妈旅游网,上海景域文化传播股份有限公司,"电子商务,旅游",普陀区,发展前景,7k-14k,1-3年,运营数据分析师,运营/编辑/客服,运营,"['资深', '高级', '专员', 'SPSS']",3060807,2017-09-01 17:03:25
上海,怪猫游戏,上海咕么信息科技有限公司,"移动互联网,游戏",普陀区,"领导很好,五险一金,周末双休,节日福利",6k-12k,1-3年,运营数据分析师,运营/编辑/客服,运营,"['游戏', '页游', '手游']",3301208,2017-09-11 13:49:02
上海,平安租赁,平安国际融资租赁有限公司,金融,浦东新区,五险一金,9k-16k,1-3年,数据分析经理（风控）(001053),金融类,风控,[],3413482,2017-08-29 12:41:46
上海,嘉桥数据咨询,上海嘉桥信息科技有限公司,数据服务,黄浦区,"待遇好,晋升快,福利多,氛围好",6k-12k,不限,化学分析/生物分析/生物统计/生物信息数据分析员,产品/需求/项目类,数据分析,[],3373281,2017-09-15 10:02:49
上海,首科众筹,宁波首科众筹网络科技有限公司,"移动互联网,金融",长宁区,"拟上市企业,发展空间大",25k-35k,5-10年,信贷数据分析经理,开发/测试/运维类,数据开发,"['金融', '总监', '资深', '高级', '数据挖掘']",3531722,2017-08-25 16:32:01
上海,现金侠,上海利全信息科技服务有限公司,"移动互联网,金融",长宁区,"办公环境好,技术氛围好,发展空间大,同事都很赞",10k-20k,1-3年,数据分析（运营方向）,开发/测试/运维类,数据开发,"['金融', '中级']",2861380,2017-09-14 09:58:27
上海,买单侠,上海秦苍信息科技有限公司,移动互联网、金融,浦东新区,"美式文化,零食畅吃,颜值高,领导好",2k-3k,应届毕业生,数据分析实习生（运营）,产品/需求/项目类,数据分析,['业务运营'],2838072,2017-09-11 16:05:37
上海,蓝色光标集团,上海蓝色光标品牌顾问有限公司,"广告营销,企业服务",黄浦区,"发展空间大,老板好,市中心上班,精英团队",10k-20k,3-5年,CRM Business Analyst 数据分析,产品/需求/项目类,数据分析,['SQL'],3386674,2017-09-14 12:05:11
上海,慧爱金融,上海慧爱信息科技有限公司,"移动互联网,金融",黄浦区,"数据分析,互联网金融,风控总监",15k-20k,1-3年,金融风控数据分析师,金融类,风控,"['金融', '征信', '建模', '大数据', '量化']",3339079,2017-08-19 12:36:38
上海,2345.com,上海二三四五网络科技有限公司,"数据服务,移动互联网",浦东新区,"领导好,业务发展好,福利多,年轻",10k-20k,3-5年,高级数据分析经理（金融产品、运营方向）,产品/需求/项目类,数据分析,"['金融', '渠道', 'SPSS']",2919327,2017-09-16 00:48:47
上海,NEIWAI内外内衣,上海睿秀电子商务有限公司,"电子商务,其他",长宁区,"高速发展,工作环境佳,竞争力薪资",6k-12k,3-5年,电商运营数据分析师,产品/需求/项目类,数据分析,"['电商', '金融']",2585560,2017-09-13 10:04:00
上海,银联钱包事业部,中国银联银联钱包事业部,"移动互联网,O2O",浦东新区,"活力,福利,逗比",15k-29k,1-3年,运营数据分析,产品/需求/项目类,数据分析,"['专员', '大数据', '数据挖掘', 'SPSS']",3412377,2017-09-05 10:37:13
上海,宜信,普信恒业科技发展（北京）有限公司,金融,浦东新区,"六险一金,弹性工作,优势团队",20k-40k,3-5年,高级数据分析师（反欺诈建模、风控）,开发/测试/运维类,数据开发,"['金融', '银行', '资深', '量化']",3616220,2017-09-15 17:45:47
上海,华院数据,华院数据技术（上海）有限公司,"企业服务,数据服务",杨浦区,"五险一金,弹性工作,定期体检,发展空间大",10k-12k,1-3年,数据分析工程师（深度学习方向）,开发/测试/运维类,数据开发,['算法'],2934132,2017-09-15 15:19:22
上海,京东,京东商城,电子商务,长宁区,"大数据分析,互联网平台",10k-15k,1-3年,运营数据分析,产品/需求/项目类,数据分析,"['大数据', '数据挖掘', 'SPSS']",3430962,2017-09-04 18:00:43
上海,沪江,沪江教育科技（上海）股份有限公司,"移动互联网,教育",浦东新区,上市前夜 弹性办公 周末双休,15k-20k,1-3年,数据分析师（移动运营方向）,产品/需求/项目类,数据分析,"['资深', '高级', '专员', '业务运营', 'growth hacking']",3230090,2017-09-15 15:43:48
上海,NEIWAI内外内衣,上海睿秀电子商务有限公司,"电子商务,其他",长宁区,优美环境,6k-8k,1-3年,电商运营数据分析,运营,运营,['电商'],2333539,2017-09-13 10:04:01
上海,2345.com,上海二三四五网络科技有限公司,"数据服务,移动互联网",浦东新区,"上市公司,六险一金,加薪灵活",8k-15k,1-3年,数据分析师（渠道质量管控，反作弊）,产品/需求/项目类,数据分析,"['EXCEL', 'SPSS']",3340200,2017-09-16 00:48:47
上海,享骑出行,上海享骑电动车服务有限公司,"移动互联网,电子商务",闵行区,"创业型企业,办公氛围好",7k-8k,1-3年,数据分析专员（运营方向）,开发/测试/运维类,数据开发,"['SPSS', '数据管理']",3078260,2017-09-15 13:45:59
上海,九章云极科技,北京九章云极科技有限公司,数据服务,长宁区,"技术大牛,领导好,六险一金,成长型公司",15k-30k,3-5年,大数据分析工程师,开发/测试/运维类,数据开发,"['金融', '数据挖掘']",3407081,2017-09-15 09:15:59
上海,南华期货,南华期货股份有限公司,金融,浦东新区,"薪资丰厚,发展空间",10k-18k,1-3年,数据分析师（数据运营方向）,产品/需求/项目类,数据分析,"['大数据', '数据挖掘', 'SPSS', '数据管理']",3544299,2017-09-14 13:16:51
上海,际慧信息,上海际慧信息技术服务中心,移动互联网,徐汇区,"年终奖,期权,上升空间大",25k-50k,5-10年,IB数据分析数据挖掘（知名互金公司）,开发/测试/运维类,数据开发,"['专家', 'BI', '大数据', 'SPSS', 'sas']",3495402,2017-09-12 15:19:34
上海,携程,携程计算机技术（上海）有限公司,"移动互联网,旅游",长宁区,向CEO直线汇报-----像优秀的人靠齐哦,15k-20k,1-3年,大数据分析/?商业分析师---向CEO汇报,开发/测试/运维类,数据开发,"['电商', '数据挖掘', 'BI', '供应链', 'SPSS']",2922831,2017-09-15 18:14:26
上海,驴妈妈旅游网,上海景域文化传播股份有限公司,"电子商务,旅游",普陀区,高绩效 大平台 学习机会多,7k-12k,1-3年,运营数据分析,产品/需求/项目类,数据分析,"['高级', '业务运营', '数据挖掘', 'SPSS']",3540283,2017-08-29 09:57:14
上海,买单侠,上海秦苍信息科技有限公司,移动互联网、金融,浦东新区,"商业保险,免费零食,美式文化,D轮",6k-12k,1-3年,数据分析（业务运营方向）,产品/需求/项目类,数据分析,"['建模', 'SPSS', 'sas']",3173064,2017-09-11 16:05:37
上海,东方收藏,上海梭丽文化传播有限公司,"O2O,其他",徐汇区,"年底旅游,提供住宿,带薪年假",6k-8k,1-3年,BI数据分析,开发/测试/运维类,数据开发,"['电商', '大数据', '数据挖掘', 'SPSS', '数据管理']",3284549,2017-08-17 21:54:43
上海,微鲸科技,微鲸科技有限公司,移动互联网,浦东新区,弹性工作、绩效奖金、通讯津贴,15k-30k,不限,大数据分析工程师,技术,后端开发,[],1959644,2017-09-11 11:14:55
上海,通联数据,通联数据股份公司,金融,虹口区,有竞争力的薪酬福利,15k-30k,不限,大数据分析工程师,技术,后端开发,[],1607679,2017-09-12 18:40:13
上海,文思海辉,文思海辉技术有限公司,"移动互联网,数据服务",徐汇区,"平台大,弹性工作时,六险一金",6k-8k,3-5年,销售运营（数据分析岗）,市场/商务/销售类,市场/营销,"['CRM', 'AR']",3459136,2017-09-14 16:47:44
上海,滚球信息,上海滚球信息科技有限公司,"移动互联网,数据服务",浦东新区,"带薪年假,弹性工作,奖金丰厚,人性化管理",10k-20k,3-5年,足彩大数据分析工程师,产品/需求/项目类,数据分析,"['彩票', '资深', '高级']",2794111,2017-09-15 14:47:39
上海,立木征信,上海康成电子商务有限公司,"金融,电子商务",浦东新区,"五险一金,节日福利",10k-15k,1-3年,大数据分析工程师,产品/需求/项目类,数据分析,"['金融', '数据挖掘']",3471490,2017-09-15 11:14:45
上海,卓领通讯,上海卓领通讯技术有限公司,移动互联网,浦东新区,"技术氛围好,领导好,平台大,工作压力轻",8k-16k,不限,中高级大数据分析,开发/测试/运维类,数据开发,"['机器学习', 'OpenStack', 'python']",3542842,2017-09-15 10:43:20
上海,芝舟科技,上海芝舟信息科技有限公司,移动互联网、企业服务,宝山区,"发展迅速，环境安静。商业保险,带薪年病假",15K-20K,1-3年,大数据分析,开发/测试/运维类,数据开发,['数据挖掘'],3391948,2017-08-20 22:31:51
上海,鱼泡泡,上海鱼泡泡信息科技有限公司,生活服务,徐汇区,强大的数据团队，完善的晋升体系。,12k-18k,1-3年,大数据分析工程师,开发/测试/运维类,数据开发,"['中级', '数据库', 'SQL']",3352049,2017-09-15 16:00:14
上海,数库科技,数库(上海)科技有限公司,"移动互联网,数据服务",闵行区,"公司前景好,项目机会多,同事可爱,领导好",18k-36k,3-5年,大数据分析工程师,开发/测试/运维类,数据开发,"['数据挖掘', '建模', 'hbase']",3151195,2017-09-07 13:50:50
上海,UCloud,上海优刻得信息科技有限公司,"数据服务,企业服务",杨浦区,发展空间大,6k-10k,不限,TEU―销售运营数据分析师,开发/测试/运维类,数据开发,[],2767439,2017-09-13 10:13:03
上海,思华科技,上海思华科技股份有限公司,移动互联网,浦东新区,五险一金 商业险 带薪事病假,8k-15k,1-3年,大数据分析工程师,开发/测试/运维类,数据开发,"['金融', '数据挖掘', 'SPSS']",3053409,2017-09-15 09:21:18
上海,平安金服,深圳平安综合金融服务有限公司,"金融,数据服务",浦东新区,"年终奖金,医疗服务,过节福利,年金计划",11k-22k,3-5年,大数据分析稽核专员（上海，投资审计组）,金融类,风控,"['金融', '教育', '建模', '风控', '合规稽查']",3435355,2017-09-14 15:35:47
上海,百融金服,百融（北京）金融信息服务股份有限公司,"金融,数据服务",浦东新区,"弹性工作,福利补贴,五险一金",10k-20k,1-3年,理财端大数据分析经理/高级经理-：上海,市场/商务/销售类,市场/营销,"['理财', '数据挖掘']",3120071,2017-08-25 18:26:48
上海,精锐教育,上海精锐教育培训有限公司,教育,普陀区,"做五休二,办公环境好,甲方",15k-20k,1-3年,算法工程师/大数据分析主管,产品/需求/项目类,数据分析,"['教育', '数据挖掘', '机器学习']",3417631,2017-08-29 11:40:21
上海,陆金所,上海陆家嘴国际金融资产交易市场股份有限公司,金融,浦东新区,大平台 福利好 领导nice,10k-15k,1-3年,销售分析岗（数据分析/运营/策划/营销）J10683,开发/测试/运维类,数据开发,['理财'],3607805,2017-09-14 11:08:15
上海,圆通,圆通速递有限公司,"企业服务,数据服务",青浦区,上市公司职能装备研发,20k-30k,3-5年,研发工程师（人脸识别、大数据分析）,开发/测试/运维类,数据开发,"['算法', '图像处理', '数据挖掘', '机器学习', '计算机视觉', '模式识别']",3507304,2017-09-13 09:59:41
上海,GFT,上海寰信网络信息技术有限公司,"移动互联网,金融",,最大限度地发挥你的聪明才智,7k-14k,不限,金融大数据分析培训生,金融,天使投资/VC/PE,"['金融', '分析师']",2282965,2017-09-14 10:36:59
上海,上海钧派科技,上海钧派商贸有限公司,"企业服务,硬件",徐汇区,"发展空间大,年轻化团队,BI大数据",5k-10k,1-3年,客户销售代表 - BI大数据分析产品,市场/商务/销售类,销售,"['客户代表', 'BI销售']",3049718,2017-09-01 10:12:09
上海,上海睿宏科技,上海睿宏电子科技发展有限公司,"信息安全,硬件",徐汇区,"BI大数据,可视化分析,发展空间大,年轻化团队",5k-10k,1-3年,客户销售- BI大数据分析产品,市场/商务/销售类,销售,"['客户代表', 'BI软件']",3051414,2017-08-30 13:59:21
上海,猩便利,哦加哦网络科技（上海）有限公司,"移动互联网,其他",静安区,发展空间大,15k-30k,3-5年,数据分析,产品/需求/项目类,数据分析,"['高级', '数据挖掘', 'SPSS', 'sas']",3289736,2017-09-15 15:58:17
上海,ezbuy,前海煦逸信息技术（深圳）有限公司,"电子商务,生活服务",浦东新区,"带薪年假多,期权激励,弹性办公,跨境电商",15k-25k,3-5年,数据分析工程师,开发/测试/运维类,数据开发,"['电商', '大数据', '数据挖掘']",3398627,2017-09-15 13:28:09
上海,口袋理财,上海鱼耀金融信息服务有限公司,"金融,移动互联网",长宁区,"扁平化管理,晋升空间大,项目奖金多",20k-25k,3-5年,数据分析,产品/需求/项目类,数据分析,"['金融', '数据挖掘', 'SPSS', 'sas']",3512510,2017-09-14 09:30:46
上海,51信用卡管家,杭州恩牛网络技术有限公司,"金融,数据服务",黄浦区,"全员Mac,弹性工作制,六险一金,餐饮补贴",10k-20k,1-3年,数据分析师（上海）,产品/需求/项目类,数据分析,"['大数据', '数据挖掘', 'SPSS']",3506850,2017-09-14 10:28:37
上海,达达-京东到家,上海趣盛网络科技有限公司,O2O,,风口发展平台，与硅谷大牛共事，极客文化,15k-25k,3-5年,数据分析师（中高级）,技术,后端开发,['大数据'],2300383,2017-09-15 10:13:07
上海,携程,携程计算机技术（上海）有限公司,"移动互联网,旅游",长宁区,旅游老大等你来~,15k-25k,3-5年,资深数据分析师,产品/需求/项目类,数据分析,"['大数据', 'BI', '可视化', 'sas']",3462937,2017-09-15 18:14:26
上海,百联全渠道电商,上海百联全渠道电子商务有限公司,"电子商务,O2O",黄浦区,"国企,氛围",15k-30k,3-5年,业务数据分析,市场/商务/销售类,市场/营销,"['金融', '数据挖掘', 'SPSS', 'sas']",3598669,2017-09-15 09:22:33
上海,众安保险,众安在线财产保险股份有限公司,金融,黄浦区,发展前景好 弹性工作制,15k-25k,1-3年,数据分析师,产品/需求/项目类,数据分析,"['电商', '商业', '数据挖掘', '解决方案']",2912950,2017-09-11 18:55:19
上海,上海第一财经数据,上海第一财经数据科技有限公司,移动互联网,静安区,"晋升空间,餐补福利,带薪休假,弹性工作",15k-20k,3-5年,高级/资深数据分析师-建模方向,开发/测试/运维类,数据开发,"['数据挖掘', '大数据']",3362508,2017-09-15 09:59:03
上海,点融网,上海点荣金融信息服务有限责任公司,金融,黄浦区,"空间大,牛人多",15k-30k,1年以下,数据分析师-SH2927,开发/测试/运维类,数据开发,"['金融', '中级', '初级', '大数据', '数据挖掘']",3461300,2017-09-13 10:33:53
上海,饿了么,拉扎斯网络科技（上海）有限公司,移动互联网,普陀区,团队给力，领导nice,20k-30k,1-3年,数据分析师,产品/需求/项目类,数据分析,"['资深', '大数据']",3472798,2017-09-12 14:19:07
上海,招商银行―出行易,上海招赢电子商务有限责任公司,电子商务,浦东新区,"专业团队、,赋能文化,丰厚福利",15k-25k,3-5年,高级数据分析师,开发/测试/运维类,数据开发,"['数据挖掘', 'SPSS', 'sas']",3437785,2017-09-15 09:59:30
上海,旅游圈,北京匹匹扣国际旅行社有限公司上海分公司,移动互联网,闸北区,数据分析,15k-20k,3-5年,高级数据分析师,技术,高端技术职位,[],1616444,2017-09-12 09:06:49
上海,FlowerPlus,上海分尚网络科技有限公司,O2O,嘉定区,"晋升快,发展迅速,季度奖金",8k-15k,1-3年,数据分析师,产品/需求/项目类,数据分析,"['大数据', '数据挖掘', 'SPSS']",3108619,2017-09-14 09:52:17
上海,京东,京东商城,电子商务,长宁区,"大平台,福利好,牛人多,氛围佳",8k-16k,1-3年,数据分析师岗,产品/需求/项目类,数据分析,"['大数据', '数据挖掘', 'SPSS']",3424612,2017-09-16 23:00:46
上海,Liking健身,上海乐快信息技术有限公司,"移动互联网,O2O",徐汇区,"发展空间大,福利好,免费健身,氛围好",15k-30k,3-5年,数据分析专家,产品/需求/项目类,数据分析,"['高级', '大数据', 'SQL', 'SPSS', 'sas']",3498260,2017-09-13 09:50:17
上海,携程,携程计算机技术（上海）有限公司,"移动互联网,旅游",长宁区,广阔的发展平台，有竞争力的薪酬奖金激励,15k-30k,3-5年,高级数据分析师,开发/测试/运维类,数据开发,"['大数据', '数据挖掘', 'SPSS', 'sas']",2888795,2017-09-15 09:23:41
上海,到喜啦,上海到喜啦信息技术有限公司,"移动互联网,电子商务",杨浦区,"平台大,前景好,薪资高,团队牛",20k-30k,3-5年,高级数据分析师/高级业务分析师,产品/需求/项目类,数据分析,"['资深', '大数据', '业务运营', '数据挖掘']",3549622,2017-08-30 16:17:29
上海,上海第一财经数据,上海第一财经数据科技有限公司,移动互联网,静安区,"补充公积金,弹性工作制,补充医疗,年终奖",7k-13k,1-3年,数据分析师―数据模型方向,开发/测试/运维类,数据开发,"['大数据', '数据挖掘', '数据清洗']",3389867,2017-09-15 09:59:03
上海,musical.ly,蜜柚网络科技（上海）有限公司,"社交网络,文化娱乐",黄浦区,"大牛带你飞,欢乐多多",15k-25k,不限,数据分析师（产品分析/商业分析）,开发/测试/运维类,数据开发,"['大数据', '数据挖掘']",3329367,2017-09-15 10:58:54
上海,途家网,途家网网络技术（北京）有限公司,"移动互联网,O2O",虹口区,"补充公积金,商业保险,餐补,带薪年假",20k-25k,3-5年,BI数据分析师(001161),开发/测试/运维类,数据开发,"['金融', '数据挖掘', 'SQL', 'SPSS', 'sas']",3305085,2017-09-15 16:59:35
上海,拼多多,杭州微米网络科技有限公司,"电子商务,移动互联网",长宁区,"大牛云集,亿级用户,福利佳",10k-20k,1-3年,BI数据分析师,开发/测试/运维类,数据开发,"['大数据', '数据挖掘', '建模']",3309407,2017-09-15 10:18:19
上海,洋码头,上海洋码头网络技术有限公司,"移动互联网,电子商务",闸北区,"扁平管理,互联网文化,弹性工作",10k-20k,3-5年,BI数据分析师,产品/需求/项目类,数据分析,"['电商', '数据挖掘', 'SPSS']",3245075,2017-09-11 10:47:24
上海,今日头条,北京字节跳动科技有限公司,"移动互联网,数据服务",徐汇区,六险一金，免费三餐，租房补贴，带薪休假，休闲下午茶，扁平管理，团队氛围好,9k-18k,1-3年,运营数据分析师,产品/需求/项目类,数据分析,[],3604904,2017-09-15 09:03:49
上海,美团点评,北京三快在线科技有限公司,"移动互联网,O2O",徐汇区,"全能未来,全速发展,全力助长",8k-10k,不限,美团点评数据分析师#928,产品/需求/项目类,数据分析,['BI'],3502726,2017-09-14 11:39:22
上海,美团点评,北京三快在线科技有限公司,"移动互联网,O2O",长宁区,"全能未来,全速发展,全力助长",15k-30k,1-3年,BI数据分析师,开发/测试/运维类,数据开发,[],3247536,2017-09-12 13:40:06
上海,美团点评,北京三快在线科技有限公司,"移动互联网,O2O",长宁区,"五险一金,补充医保,加班补助,年度体检",15k-30k,1-3年,数据分析师（APP产品运营分析方向）,产品/需求/项目类,数据分析,['BI'],3096925,2017-09-15 18:20:36
上海,拍拍贷,上海拍拍贷金融信息服务有限公司,金融,浦东新区,晋升空间大,12k-18k,3-5年,高级CRM数据分析专家,开发/测试/运维类,数据开发,[],3311198,2017-09-07 22:42:48
上海,美团点评,北京三快在线科技有限公司,"移动互联网,O2O",长宁区,"五险一金,补充医保,加班补助,年度体检",15k-25k,1-3年,数据分析师（APP产品运营分析）,产品/需求/项目类,数据分析,[],3267561,2017-09-13 11:28:01
上海,拍拍贷,上海拍拍贷金融信息服务有限公司,金融,浦东新区,平台空间大，午餐&amp;晚餐,15k-20k,3-5年,产品运营数据分析师,产品/需求/项目类,数据分析,"['大数据', '商业']",3280174,2017-09-04 00:28:19
上海,美团点评,北京三快在线科技有限公司,"移动互联网,O2O",长宁区,"补充医保,年终奖,餐补,弹性工作",15k-25k,1-3年,数据分析师（APP产品运营）,产品/需求/项目类,数据分析,[],2961300,2017-09-09 09:52:24
上海,平安金服,深圳平安综合金融服务有限公司,"金融,数据服务",浦东新区,"年终奖金,医疗服务,过节福利,年金计划",20k-40k,5-10年,大数据分析稽核经理（上海，投资审计组）,金融类,风控,"['金融', '建模', '风控', '合规稽查']",3435316,2017-09-14 15:35:47
