公司简称,公司全称,所属行业,工作地点,职位特点,薪资,经验,职位名称,firstType,secondType
FlowerPlus,上海分尚网络科技有限公司,O2O,嘉定区,"晋升快,发展迅速,季度奖金",8k-15k,1-3年,数据分析师,产品/需求/项目类,数据分析
平安普惠,平安普惠企业管理有限公司,"金融,移动互联网",徐汇区,"薪资丰厚,福利齐全,发展空间大",15k-25k,不限,数据分析岗（上海）,产品/需求/项目类,数据分析
同程旅游,同程网络科技股份有限公司,"旅游,电子商务",浦东新区,牛人汇聚,10k-15k,3-5年,数据分析师/数据运营,运营/编辑/客服,运营
链家上海研发中心,德佑房地产经纪有限公司,企业服务,静安区,"业内最专业,数据可视化,决策支持",12k-20k,3-5年,数据分析师,产品/需求/项目类,管理岗
上海拿米金服,上海拿米金融信息服务有限公司,"移动互联网,金融",徐汇区,"SQL查询,统计学软件",8k-12k,1-3年,数据分析师,产品/需求/项目类,数据分析
飞常准,合肥飞友网络科技有限公司,移动互联网,浦东新区,"五险一金,周末双休,年终奖金,咖啡零食",6k-10k,1-3年,数据分析师（上海）,产品/需求/项目类,数据分析
好买基金网（联想腾讯注资企业）,好买财富管理股份有限公司,"电子商务,金融",虹口区,"腾讯,联想注资",15k-20k,3-5年,数据分析师,开发/测试/运维类,数据开发
捞月狗,上海竟跃网络科技有限公司,移动互联网,徐汇区,"压力小,氛围好,年终奖,空间大",6k-12k,1-3年,数据分析师,运营/编辑/客服,运营
极光,深圳市和讯华谷信息技术有限公司,"移动互联网,数据服务",普陀区,"D轮+,大数据平台,攻城狮氛围,14薪+",10k-20k,1-3年,数据分析师,开发/测试/运维类,数据开发
嗨住,上海高度信息科技有限公司,"O2O,生活服务",闸北区,"热门行业,成长空间,扁平管理,五险一金",8k-15k,1-3年,数据分析师,产品/需求/项目类,数据分析
平安租赁,平安国际融资租赁有限公司,金融,浦东新区,五险一金,8k-10k,1-3年,数据分析岗(001255),产品/需求/项目类,产品设计/需求分析
上海元聚,上海元聚网络科技有限公司,移动互联网,闵行区,"高薪,大平台",30k-40k,不限,数据分析总监,产品/需求/项目类,数据分析
爱可生,上海爱可生信息技术股份有限公司,数据服务,徐汇区,"新三板,13薪,餐补,旅游",15k-30k,3-5年,大数据分析师,开发/测试/运维类,数据开发
上海善林金融信息服务有限公司,善林（上海）金融信息服务有限公司,金融,浦东新区,晋升空间 发展平台 公司前景 福利待遇,10k-20k,3-5年,数据分析,市场/商务/销售类,市场/营销
英语流利说,上海流利说信息技术有限公司,"移动互联网,教育",杨浦区,"N+1奖金,硅谷系,私厨三餐,顶尖团队",15k-30k,不限,数据分析师,开发/测试/运维类,数据开发
链家上海研发中心,德佑房地产经纪有限公司,企业服务,静安区,万亿级O2O平台 一年两次调薪 半年度奖金,10k-19k,1-3年,数据分析师,市场与销售,市场/营销
江苏亿科达,上海海万信息科技股份有限公司,"移动互联网,金融",徐汇区,数据分析,10k-15k,3-5年,数据分析,产品/需求/项目类,数据分析
融之家,上海融之家金融信息服务有限公司,"移动互联网,金融",杨浦区,晋升快，福利好，美女多,20K-30K,5-10年,数据分析师,金融类,风控
Student.com,江曲投资咨询（上海）有限公司,电子商务,静安区,"高自主性,跨国团队,扁平管理,创业文化",15k-25k,3-5年,数据分析师,产品/需求/项目类,数据分析
YHOUSE,上海悦会信息科技有限公司,移动互联网,黄浦区,发展前景好,15k-20k,5-10年,数据分析师,开发/测试/运维类,数据开发
触通科技,广州市触通软件科技股份有限公司,"移动互联网,金融",浦东新区,"五险一金,双休,餐补",7k-13k,1-3年,数据分析师,产品/需求/项目类,数据分析
联璧,上海联璧电子科技有限公司,"移动互联网,O2O",松江区,"福利多,团建多,工作氛围好",10k-15k,3-5年,数据分析专员,产品/需求/项目类,数据分析
名片全能王,上海合合信息科技发展有限公司,移动互联网,杨浦区,"技术型公司,牛B的团队,良好的福利,弹性工作",15k-30k,3-5年,数据分析师,开发/测试/运维类,数据开发
微医集团,浙江康健绿线网络技术有限公司,"移动互联网,医疗健康",徐汇区,周末双休 带薪年假 人才推荐奖 节日福利,6k-10k,1-3年,数据分析师-移动端用户行为分析（埋点）,运营,运营
奥致网络,上海奥致网络科技有限公司,"移动互联网,生活服务",徐汇区,无打卡,10k-20k,1-3年,数据分析主管,开发/测试/运维类,数据开发
上海第一财经数据,上海第一财经数据科技有限公司,移动互联网,静安区,"补充公积金,弹性工作制,补充医疗,年终奖",7k-13k,1-3年,数据分析师―行研,产品/需求/项目类,数据分析
HARB,哈步数据科技（上海）有限公司,企业服务,徐汇区,"发展空间大,弹性工作,旅游体检,扁平管理",10k-15k,3-5年,数据分析师,运营,运营
好买基金网（联想腾讯注资企业）,好买财富管理股份有限公司,"电子商务,金融",虹口区,"五险一金,带薪年假,节日福利,员工旅游",15k-20k,1-3年,数据分析,产品/需求/项目类,数据分析
英语流利说,上海流利说信息技术有限公司,"移动互联网,教育",杨浦区,"独角兽,硅谷氛围,免费三餐,海量数据",15k-25k,1-3年,数据分析师,技术,运维安全
晶赞科技Zamplus,上海晶赞科技发展有限公司,"数据服务,文化娱乐",闸北区,定期体检 国外outing 弹性工作 绩效奖金,10k-20k,1-3年,数据分析师,市场与销售,市场/营销
链家上海研发中心,德佑房地产经纪有限公司,企业服务,静安区,大数据 大挑战 有竞争力的薪资,20k-30k,5-10年,数据分析专家,市场与销售,市场/营销
饿了么,拉扎斯网络科技（上海）有限公司,移动互联网,普陀区,领导好，职业发展好,8k-12k,3-5年,数据分析师（偏分析）,产品/需求/项目类,数据分析
微医集团,浙江康健绿线网络技术有限公司,"移动互联网,医疗健康",徐汇区,周末双休 带薪年假 人才推荐奖 节日福利,10k-15k,1-3年,数据分析师-用户画像方向,运营,运营
轻轻家教,上海轻轻信息科技有限公司,"移动互联网,教育",浦东新区,"互联网教育,C+轮",10k-20k,1-3年,数据分析师,开发/测试/运维类,数据开发
即刻,上海即果信息技术有限公司,移动互联网,杨浦区,"产品优秀,团队实力强,氛围自由,福利满满",10k-20k,1-3年,数据分析师,产品/需求/项目类,数据分析
Teambition,上海汇翼信息科技有限公司,"移动互联网,企业服务",浦东新区,数据驱动 组织完善 团队精尖 待遇优厚,12k-20k,1-3年,数据分析师,产品/需求/项目类,数据分析
飞榴科技,飞榴（上海）信息科技有限公司,"移动互联网,数据服务",浦东新区,"专业导师,发展空间大,技术核心,高成长团队",5k-10k,1-3年,数据分析工程师,开发/测试/运维类,数据开发
爱回收,上海悦易网络信息技术有限公司,"电子商务,O2O",杨浦区,"14薪,弹性工作制,加班餐",20k-25k,3-5年,数据分析师-风控方向,开发/测试/运维类,数据开发
瑞数信息,瑞数信息技术(上海)有限公司,信息安全,徐汇区,"股票期权,年终奖,尖端技术,行业前景",15k-25k,3-5年,数据分析师－上海,市场/商务/销售类,销售
美团点评,北京三快在线科技有限公司,"移动互联网,O2O",长宁区,"平台好,待遇高,机会多",15k-30k,3-5年,数据分析师,产品/需求/项目类,数据分析
奇虎360金融,上海淇毓信息科技有限公司,"移动互联网,金融",浦东新区,试用期工资不打折，平台大，弹性工作制,15k-20k,1-3年,系统分析/数据分析,开发/测试/运维类,数据开发
现金侠,上海利全信息科技服务有限公司,"移动互联网,金融",长宁区,"领导超赞,部门氛围好,水果下午茶,发展空间大",15k-25k,1-3年,数据分析师,产品/需求/项目类,数据分析
透云科技,上海透云物联网科技有限公司,"移动互联网,数据服务",静安区,"上市公司,地铁周边,餐补,补充医疗",15k-25k,3-5年,数据分析工程师,开发/测试/运维类,数据开发
个推,浙江每日互动网络科技股份有限公司,移动互联网,静安区,平台 带薪年假 五险一金 餐补,20k-25k,3-5年,数据分析师,设计,数据分析
房多多,深圳市房多多网络科技有限公司,"移动互联网,O2O",闸北区,C轮，带薪年假，节日礼物，发展空间大,15k-25k,3-5年,数据分析师,产品/需求/项目类,数据分析
链家上海研发中心,德佑房地产经纪有限公司,企业服务,静安区,"业内最专业,成长空间大,培训多多,决策支持",10k-17k,1-3年,运营分析师/数据分析师,产品/需求/项目类,数据分析
华院数据,华院数据技术（上海）有限公司,"企业服务,数据服务",杨浦区,发展空间大；五险一金；定期体检；各类补助,15k-25k,1-3年,数据分析师,开发/测试/运维类,数据开发
达达-京东到家,上海趣盛网络科技有限公司,O2O,浦东新区,技术驱动、风口平台,15k-25k,3-5年,数据分析师,产品/需求/项目类,数据分析
ezbuy,前海煦逸信息技术（深圳）有限公司,"电子商务,生活服务",浦东新区,"带薪年假多,期权激励,弹性办公,跨境电商",15k-25k,3-5年,数据分析工程师,开发/测试/运维类,数据开发
透云科技,上海透云物联网科技有限公司,"移动互联网,数据服务",静安区,"上市公司,地铁周边,补充医疗",18k-30k,3-5年,数据分析师,产品/需求/项目类,数据分析
饿了么,拉扎斯网络科技（上海）有限公司,移动互联网,普陀区,团队氛围好，发展空间大，平台大,15k-30k,1-3年,数据分析师,开发/测试/运维类,数据开发
微盟,上海萌店信息科技有限公司,"移动互联网,电子商务",宝山区,五险一金，弹性工作时间，C轮融资,12k-15k,1-3年,数据分析师,开发/测试/运维类,数据开发
个推,浙江每日互动网络科技股份有限公司,移动互联网,静安区,带薪年假 五险一金 生日Party 餐补,15k-25k,1-3年,数据分析师,设计,用户研究
汇付,上海汇付数据服务有限公司,"移动互联网,金融",徐汇区,大数据 福利全 社团多 项目奖 IPO,10k-20k,1-3年,数据分析,技术,数据开发
平安银行,平安银行股份有限公司,金融,徐汇区,福利优厚,20k-30k,3-5年,大数据分析师,开发/测试/运维类,数据开发
游族网络,上海游族信息技术有限公司,"移动互联网,游戏",徐汇区,上市游戏公司,9k-18k,1-3年,数据分析,开发/测试/运维类,数据开发
奇虎360金融,上海淇毓信息科技有限公司,"移动互联网,金融",浦东新区,试用期工资不打折，平台大，团队牛,15k-29k,1-3年,数据分析,开发/测试/运维类,数据开发
齐家网,上海齐家网信息科技股份有限公司,"O2O ,生活服务",嘉定区,互联网，O2O电商，大公司，福利好，,10k-20k,3-5年,数据分析师,设计,数据分析
DerbySoft,德比软件（上海）有限公司,旅游,浦东新区,期权+弹性工作时间+午餐补助+补充医疗,10k-20k,1-3年,数据分析师,设计,数据分析
返利网,上海中彦信息科技有限公司,电子商务,徐汇区,吃饭停车回家 旅游股票医疗 返利为你准备好,15k-30k,5-10年,数据分析经理,技术,后端开发
链家上海研发中心,德佑房地产经纪有限公司,企业服务,静安区,"大数据平台,项目管理,培训多多,决策支持",10k-20k,1-3年,数据分析师,产品/需求/项目类,数据分析
华院数据,华院数据技术（上海）有限公司,"企业服务,数据服务",杨浦区,"五险一金,带薪年假,晋升空间大,公司前景",10k-15k,1-3年,数据分析工程师,开发/测试/运维类,数据开发
饿了么,拉扎斯网络科技（上海）有限公司,移动互联网,普陀区,公司平台大 福利待遇好 团队氛围佳,20k-30k,3-5年,资深数据分析师,开发/测试/运维类,数据开发
学霸君,上海谦问万答吧云计算科技有限公司,"移动互联网,教育",杨浦区,薪资待遇高，项目好，领导nice，带薪年病假,25k-30k,3-5年,资深数据分析师,开发/测试/运维类,数据开发
Gridsum 国双,北京国双科技有限公司,数据服务,静安区,弹性工作制 发展空间大 氛围好 牛人多,8k-15k,3-5年,数据分析师,市场与销售,市场/营销
Putao,上海葡萄纬度科技有限公司,移动互联网,闵行区,平台稳定，发展空间大,15k-25k,不限,资深数据分析,产品/需求/项目类,数据分析
上海拿米金服,上海拿米金融信息服务有限公司,"移动互联网,金融",徐汇区,13薪,10k-15k,1-3年,数据分析师,产品/需求/项目类,数据分析
鱼泡泡,上海鱼泡泡信息科技有限公司,生活服务,徐汇区,想提升、加薪，脱单的，鱼泡泡满足您！,10k-15k,1-3年,数据分析工程师,开发/测试/运维类,数据开发
驴妈妈旅游网,上海景域文化传播股份有限公司,"电子商务,旅游",普陀区,公司福利好,4k-8k,1-3年,数据分析,设计,用户研究
众安保险,众安在线财产保险股份有限公司,金融,黄浦区,发展前景好 弹性工作制,15k-25k,1-3年,数据分析师,产品/需求/项目类,数据分析
悠融资产,悠融资产管理（上海）有限公司,"移动互联网,金融",浦东新区,"带薪年假,节日福利",7k-12k,1-3年,风控/数据分析,金融类,风控
灿福科技,上海灿福信息科技发展有限公司,"移动互联网,数据服务",长宁区,"弹性工时,带薪年假,领导好,专业性强",15k-30k,5-10年,高级数据分析,产品/需求/项目类,数据分析
宝象投资控股集团有限公司,宝象投资控股集团有限公司,金融,浦东新区,"待遇好,发展空间大,环境好",10k-20k,3-5年,数据分析/数据建模工程师,开发/测试/运维类,数据开发
奥致网络,上海奥致网络科技有限公司,"移动互联网,生活服务",徐汇区,"一年多薪,外企氛围,弹性工作,晋升机会多",9k-14k,1-3年,数据分析主管,产品/需求/项目类,数据分析
YHOUSE,上海悦会信息科技有限公司,移动互联网,黄浦区,发展好,10k-16k,1-3年,数据分析师,开发/测试/运维类,数据开发
链家上海研发中心,德佑房地产经纪有限公司,企业服务,静安区,大平台 高薪 高成长 O2O 挑战,15k-25k,3-5年,高级数据分析师,市场与销售,市场/营销
华院数据,华院数据技术（上海）有限公司,"企业服务,数据服务",杨浦区,发展空间大；五险一金；定期体检；各类补助,15k-25k,3-5年,大数据分析师,综合职能类,人力资源
饿了么,拉扎斯网络科技（上海）有限公司,移动互联网,普陀区,公司平台大 福利待遇好 团队氛围佳,25k-40k,5-10年,数据分析专家,产品/需求/项目类,数据分析
泛为,北京泛为信息科技有限公司,"移动互联网,广告营销",浦东新区,"弹性工作,16薪,文化轻松",40k-50k,5-10年,资深数据分析/数据分析专家,开发/测试/运维类,数据开发
寄云科技,北京寄云鼎城科技有限公司,"移动互联网,数据服务",徐汇区,工业大数据 物联网 带薪年假 扁平管理,15k-30k,3-5年,数据分析工程师,开发/测试/运维类,数据开发
前隆金融（手机贷）,上海前隆金融信息服务有限公司,金融,虹口区,发展快，牛人多,15k-30k,3-5年,数据分析师,开发/测试/运维类,数据开发
极光,深圳市和讯华谷信息技术有限公司,"移动互联网,数据服务",普陀区,"D轮+,大数据平台,攻城狮氛围,14薪+",15k-30k,3-5年,高级数据分析师,开发/测试/运维类,数据开发
Gridsum 国双,北京国双科技有限公司,数据服务,静安区,大数据上市公司 发展空间大 氛围好,8k-15k,3-5年,数据分析师 (上海),开发/测试/运维类,数据开发
华夏信财,华夏信财股权投资管理有限公司,"移动互联网,金融",浦东新区,"领导好,发展空间大",10k-15k,3-5年,数据分析经理,开发/测试/运维类,数据开发
算话征信,算话征信有限公司,"数据服务,移动互联网",长宁区,"优秀团队,股权期权,福利津贴,弹性工作",15k-30k,3-5年,数据分析工程师,产品/需求/项目类,数据分析
返利网,上海中彦信息科技有限公司,电子商务,徐汇区,"五险一金,补充医疗,员工旅游,餐饮补贴",10k-20k,1-3年,数据分析师,开发/测试/运维类,数据开发
恺英网络,上海恺英网络科技有限公司,"移动互联网,游戏",闵行区,五险一金、绩效奖金、节日福利、年终奖金,15k-25k,3-5年,高级数据分析师,开发/测试/运维类,数据开发
英语流利说,上海流利说信息技术有限公司,"移动互联网,教育",杨浦区,"独角兽,硅谷风,海量数据",18k-36k,3-5年,资深数据分析师,产品/需求/项目类,数据分析
群星金融,鼎必程（上海）信息技术有限公司,金融,浦东新区,"发展空间,弹性工作",10k-20k,1-3年,数据分析,产品/需求/项目类,数据分析
UCloud,上海优刻得信息科技有限公司,"数据服务,企业服务",杨浦区,"弹性工作,D轮融资,奖金丰厚,技术挑战大",10k-20k,1-3年,TPL-数据分析工程师,产品/需求/项目类,数据分析
饿了么,拉扎斯网络科技（上海）有限公司,移动互联网,普陀区,团队给力，领导nice,15k-25k,1-3年,数据分析师,产品/需求/项目类,数据分析
返利网,上海中彦信息科技有限公司,电子商务,,吃饭停车回家 旅游股票医疗 返利为你准备好,15k-25k,3-5年,资深数据分析师,技术,DBA
51信用卡管家,杭州恩牛网络技术有限公司,"金融,数据服务",黄浦区,"全员Mac,弹性工作制,六险一金,餐饮补贴",10k-20k,1-3年,数据分析师（上海）,产品/需求/项目类,数据分析
鱼泡泡,上海鱼泡泡信息科技有限公司,生活服务,,高速发展 晋升空间大 团队背景深厚,10k-20k,1-3年,大数据分析师,设计,数据分析
爱乐奇,上海钦文信息科技有限公司,移动互联网,浦东新区,"快速发展,朝阳行业,平台大,高福利",15k-25k,3-5年,高级数据分析师,开发/测试/运维类,数据开发
猩便利,哦加哦网络科技（上海）有限公司,"移动互联网,其他",静安区,发展空间大,15k-30k,3-5年,数据分析,产品/需求/项目类,数据分析
上海展盟,上海展盟网络科技有限公司,移动互联网,浦东新区,"管理扁平化,有挑战,年终奖,项目奖金",8k-16k,3-5年,数据分析,产品/需求/项目类,数据分析
小红书,行吟信息科技（上海）有限公司,"生活服务,电子商务",黄浦区,福利待遇好,15k-30k,1-3年,数据分析师,运营,运营
拉卡拉云商网络有限公司,拉卡拉云商网络有限公司,"电子商务,金融",普陀区,团队好,17k-22k,5-10年,数据分析主管,开发/测试/运维类,数据开发
灿福科技,上海灿福信息科技发展有限公司,"移动互联网,数据服务",长宁区,"领导技术牛,年轻小伙伴,专业性强,活动朵朵",12k-24k,1-3年,数据分析,开发/测试/运维类,数据开发
携程,携程计算机技术（上海）有限公司,"移动互联网,旅游",长宁区,旅游老大等你来~,15k-25k,3-5年,资深数据分析师,产品/需求/项目类,数据分析
水象金融,上海水象金融信息服务有限公司,"电子商务,金融",闵行区,"五险一金,年终奖金,带薪年假,节日福利",10k-20k,1-3年,数据分析师（闵行区）,开发/测试/运维类,数据开发
萨摩耶金服,深圳萨摩耶互联网金融服务有限公司,金融,浦东新区,团队氛围好,10k-20k,1-3年,数据分析师,产品/需求/项目类,数据分析
上海第一财经数据,上海第一财经数据科技有限公司,移动互联网,静安区,"晋升空间,餐补福利,带薪休假,弹性工作",15k-20k,3-5年,高级/资深数据分析师-建模方向,开发/测试/运维类,数据开发
金丘股份,上海金丘实业股份有限公司,"金融,数据服务",浦东新区,待遇优厚，前景远大,15k-30k,1-3年,数据分析工程师,产品/需求/项目类,数据分析
饿了么,拉扎斯网络科技（上海）有限公司,移动互联网,普陀区,弹性工作、发展空间大、带薪年假、加班餐,10k-15k,1-3年,数据分析师,开发/测试/运维类,数据开发
返利网,上海中彦信息科技有限公司,电子商务,徐汇区,吃饭停车回家 旅游股票医疗 返利为你准备好,30k-50k,5-10年,数据分析总监,技术,高端技术职位
算话征信,算话征信有限公司,"数据服务,移动互联网",长宁区,五险一金、股票期权、弹性工作、节日福利,10k-15k,1-3年,数据分析工程师,技术,数据开发
口袋理财,上海鱼耀金融信息服务有限公司,"金融,移动互联网",长宁区,"扁平化管理,晋升空间大,项目奖金多",20k-25k,3-5年,数据分析,产品/需求/项目类,数据分析
沪江,沪江教育科技（上海）股份有限公司,"移动互联网,教育",浦东新区,弹性工作制 股权激励 五险一金,15k-30k,3-5年,高级数据分析师(J10899),开发/测试/运维类,数据开发
联璧,上海联璧电子科技有限公司,"移动互联网,O2O",松江区,"福利好,餐补,加班补助,绩效奖金",10k-18k,1-3年,数据分析工程师,产品/需求/项目类,数据分析
Udacity,勇大信息技术（上海）有限公司,"教育,招聘",徐汇区,优厚福利，热门行业，硅谷氛围，快速增长期,15k-25k,1-3年,数据分析师,产品/需求/项目类,数据分析
京东,京东商城,电子商务,长宁区,"大平台,福利好,牛人多,氛围佳",10k-20k,1-3年,数据分析师岗,产品/需求/项目类,数据分析
Liking健身,上海乐快信息技术有限公司,"移动互联网,O2O",徐汇区,"发展空间大,福利好,免费健身,氛围好",15k-30k,3-5年,数据分析专家,产品/需求/项目类,数据分析
UCloud,上海优刻得信息科技有限公司,"数据服务,企业服务",杨浦区,"弹性工作,奖金丰厚,技术挑战",10k-20k,3-5年,高级数据分析师,开发/测试/运维类,数据开发
平安付,平安付智能技术有限公司,金融,徐汇区,"环境优越,待遇从优",15k-25k,3-5年,数据分析师,开发/测试/运维类,测试
HARB,哈步数据科技（上海）有限公司,企业服务,徐汇区,"创业团队,股权激励,上班灵活",15k-30k,1-3年,数据分析师,产品/需求/项目类,数据分析
坤亿科技,上海坤亿信息技术有限公司,"电子商务,企业服务",浦东新区,大型美资企业欧特克，云平台项目,15K-25K,1-3年,数据分析,产品/需求/项目类,数据分析
达达-京东到家,上海趣盛网络科技有限公司,O2O,,风口发展平台，与硅谷大牛共事，极客文化,15k-25k,3-5年,数据分析师（中高级）,技术,后端开发
阿基米德fm,阿基米德（上海）传媒有限公司,"移动互联网,电子商务",长宁区,"13薪,补充公积金,商业保险,饭补",15k-25k,3-5年,高级数据分析师,开发/测试/运维类,数据开发
沪江,沪江教育科技（上海）股份有限公司,"移动互联网,教育",浦东新区,五险一金;期权激励;绩效奖金;弹性工作,15k-30k,3-5年,高级数据分析师(J10555),开发/测试/运维类,运维安全
饿了么,拉扎斯网络科技（上海）有限公司,移动互联网,普陀区,公司平台大 福利待遇好 团队氛围佳,15k-25k,3-5年,高级数据分析师,开发/测试/运维类,数据开发
返利网,上海中彦信息科技有限公司,电子商务,徐汇区,"福利好,团队好,培训多,年薪多",15k-30k,5-10年,资深数据分析师,产品/需求/项目类,数据分析
东方头条,上海嵩恒网络科技有限公司,"移动互联网,社交网络",浦东新区,"俱乐部活动,团建活动,调薪机会多,发展空间大",10k-20k,1-3年,数据分析师（语言学方向）,产品/需求/项目类,数据分析
斗鱼直播,武汉斗鱼网络科技有限公司,移动互联网,杨浦区,"五险一金,18薪,餐补,带薪年假",8k-13k,1-3年,高级数据分析师,产品/需求/项目类,数据分析
Soul App,上海任意门科技有限公司,"社交网络,文化娱乐",青浦区,"高薪资,股权激励",15K-30K,3-5年,数据仓库与数据分析工程师,开发/测试/运维类,数据开发
么么直播,上海星艾网络科技有限公司,"移动互联网,社交网络",闵行区,领导好、福利赞、发展迅猛,10k-20k,3-5年,高级数据分析师,开发/测试/运维类,数据开发
竞动科技,上海竞动科技有限公司,移动互联网,浦东新区,"期权,弹性工作制,发展空间",10k-20k,1-3年,数据分析与建模工程师,金融类,风控
平安健康互联网,平安健康互联网股份有限公司上海分公司,"移动互联网,医疗健康",徐汇区,技术氛围浓厚，业务高速发展，独角兽,12k-24k,3-5年,数据分析师,开发/测试/运维类,数据开发
Gridsum 国双,北京国双科技有限公司,数据服务,静安区,大数据上市公司，氛围好，牛人多,10k-20k,3-5年,高级数据分析师,开发/测试/运维类,数据开发
圆通,圆通速递有限公司,"企业服务,数据服务",青浦区,平台稳定，包食宿，一年两次调薪机会,8k-15k,1-3年,数据分析工程师,开发/测试/运维类,数据开发
名片全能王,上海合合信息科技发展有限公司,移动互联网,杨浦区,"牛逼的产品,人性化管理,弹性工作,学习型团队",15k-30k,1-3年,产品及运营分析师/数据分析师,开发/测试/运维类,软件开发
平安付,平安付智能技术有限公司,金融,徐汇区,福利好,15k-25k,3-5年,JAVA应用研发工程师-数据分析,开发/测试/运维类,后端开发
携程,携程计算机技术（上海）有限公司,"移动互联网,旅游",长宁区,能力提升 个人发展 公司平台 发展空间,10k-15k,1-3年,数据分析,产品/需求/项目类,数据分析
彭珠贸易,深圳市彭珠贸易有限公司,"移动互联网,企业服务",浦东新区,"海外机会,13薪,税后薪资,带薪年假",7k-10k,1-3年,数据分析专员,产品/需求/项目类,数据分析
饿了么,拉扎斯网络科技（上海）有限公司,移动互联网,普陀区,14薪,12k-24k,3-5年,资深数据分析师,开发/测试/运维类,数据开发
返利网,上海中彦信息科技有限公司,电子商务,徐汇区,吃饭停车回家 旅游股票医疗 返利为你准备好,15k-30k,3-5年,资深数据分析师,技术,后端开发
Gridsum 国双,北京国双科技有限公司,数据服务,静安区,弹性工作制 发展空间大,15k-25k,5-10年,高级数据分析师（上海）,市场与销售,数据分析
泛为,北京泛为信息科技有限公司,"移动互联网,广告营销",浦东新区,"弹性工作,16薪,有大牛同事",20k-35k,3-5年,数据分析师,开发/测试/运维类,数据开发
上海容申,上海容申智能科技有限公司,移动互联网,闵行区,"技术大牛多,薪资待遇好",15k-25k,3-5年,数据分析工程师,开发/测试/运维类,数据开发
善洽堂,上海善洽堂市场营销策划有限公司,其他,青浦区,待遇从优,7K-9K,1-3年,数据分析师,产品/需求/项目类,数据分析
九曳供应链,上海久耶供应链管理有限公司,"电子商务,数据服务",嘉定区,"平台好,空间大,餐补,节假日福利",10k-20k,1-3年,数据分析师,开发/测试/运维类,数据开发
安心记加班,上海慧贤网络科技有限公司,移动互联网,徐汇区,"弹性时间,地铁周边,扁平管理,大牛云集",20k-35k,3-5年,高级数据分析师,金融类,风控
世像传媒,上海世像文化传媒有限公司,文化娱乐,静安区,"分析,数据",8k-12k,1-3年,数据分析师,产品/需求/项目类,数据分析
运满满,北京满运物流信息有限公司,"移动互联网,O2O",长宁区,"D轮,氛围佳,技术培训",20k-40k,3-5年,数据分析工程师,开发/测试/运维类,数据开发
招商银行―出行易,上海招赢电子商务有限责任公司,电子商务,浦东新区,"专业团队、,赋能文化,丰厚福利",15k-25k,3-5年,高级数据分析师,开发/测试/运维类,数据开发
平安科技,平安科技（深圳）有限公司,金融,浦东新区,世界500强 带薪年假 节日福利 绩效丰厚,15k-20k,不限,数据分析师（数据仓库）(上海）,开发/测试/运维类,数据开发
上海众调科技,上海众调信息科技有限公司,移动互联网,杨浦区,"交通便利,晋升空间,专家氛围,发展前景",6k-12k,1-3年,数据分析师,开发/测试/运维类,数据开发
mo9,上海佰晟通信息科技有限公司,"金融,移动互联网",黄浦区,"五险一金,年度旅游,通讯补贴",5k-9k,1-3年,数据分析专员,产品/需求/项目类,数据分析
浅橙科技,上海浅橙网络科技有限公司,"移动互联网,金融",杨浦区,"五险一金,员工旅游,员工生日会",15k-25k,1-3年,数据分析师,产品/需求/项目类,数据分析
饿了么,拉扎斯网络科技（上海）有限公司,移动互联网,普陀区,竞争性薪酬，弹性工作时间,10k-20k,3-5年,数据分析师,产品/需求/项目类,数据分析
返利网,上海中彦信息科技有限公司,电子商务,徐汇区,17薪,15k-30k,1-3年,数据分析师,技术,DBA
Gridsum 国双,北京国双科技有限公司,数据服务,静安区,弹性工作制 发展空间大 氛围好 牛人多,15k-25k,5-10年,高级数据分析师,市场与销售,数据分析
上海善林金融信息服务有限公司,善林（上海）金融信息服务有限公司,金融,闸北区,福利待遇佳，发展空间大，股权激励,10k-20k,5-10年,数据分析经理,产品/需求/项目类,数据分析
厚本金融,上海厚本金融信息服务有限公司,金融,,快速的职业成长、优秀的导师、良好的福利,8k-15k,1-3年,数据分析师/数据工程师,设计,用户研究
水象金融,上海水象金融信息服务有限公司,"电子商务,金融",闵行区,"六险一金,员工旅游,带薪年假,年终奖金",15k-20k,3-5年,高级数据分析师,产品/需求/项目类,数据分析
桔利,上海桔利网络科技有限公司,移动互联网,杨浦区,"上市公司,平台大",20k-35k,5-10年,资深数据分析,产品/需求/项目类,数据分析
旅游圈,北京匹匹扣国际旅行社有限公司上海分公司,移动互联网,闸北区,数据分析,15k-20k,3-5年,高级数据分析师,技术,高端技术职位
灿福科技,上海灿福信息科技发展有限公司,"移动互联网,数据服务",长宁区,技术氛围好 团队专业 领导nice,20K-30K,5-10年,数据分析主管,开发/测试/运维类,数据开发
点融网,上海点荣金融信息服务有限责任公司,金融,黄浦区,"空间大,牛人多",15k-30k,1年以下,数据分析师-SH2927,开发/测试/运维类,数据开发
卡行天下,上海卡行天下供应链管理有限公司,移动互联网,长宁区,打造专业BI团队 公司美女帅哥如云,7k-10k,1-3年,初级数据分析师,产品/需求/项目类,数据分析
携程,携程计算机技术（上海）有限公司,"移动互联网,旅游",长宁区,带薪年假 弹性工时 海量数据,20k-30k,3-5年,资深数据分析师/挖掘,开发/测试/运维类,数据开发
上海你我贷互联网金融信息服务,嘉银（上海）金融信息服务有限公司,金融,浦东新区,"专业培训,餐饮补贴,员工旅游",15k-30k,3-5年,数据分析师,开发/测试/运维类,数据开发
还呗-智能信贷领先者,上海数禾信息科技有限公司,"移动互联网,金融",浦东新区,"移动金融,未来金矿,精英团队,助力成长",6k-12k,1-3年,数据分析师,市场/商务/销售类,市场/营销
陆金所,上海陆家嘴国际金融资产交易市场股份有限公司,金融,浦东新区,平台大发展好,15k-30k,3-5年,数据分析师,开发/测试/运维类,数据开发
饿了么,拉扎斯网络科技（上海）有限公司,移动互联网,普陀区,新零售 大趋势 期权 扁平,12k-16k,3-5年,资深/高级数据分析师,运营/编辑/客服,运营
返利网,上海中彦信息科技有限公司,电子商务,徐汇区,"年薪高,福利好,挑战大,氛围好",15k-30k,5-10年,数据分析经理,产品/需求/项目类,数据分析
旅游圈,北京匹匹扣国际旅行社有限公司上海分公司,移动互联网,闸北区,"五险一金,年终奖,员工旅游",10k-15k,3-5年,高级数据分析师,开发/测试/运维类,数据开发
国泰君安证券股份有限公司,国泰君安证券股份有限公司,金融,浦东新区,国内综合实力最强的证券公司之一,10k-20k,3-5年,移动平台-数据分析工程师,开发/测试/运维类,数据开发
通联数据,通联数据股份公司,金融,虹口区,"福利待遇好,团队氛围好",20k-40k,不限,数据分析工程师,开发/测试/运维类,数据开发
浅橙科技,上海浅橙网络科技有限公司,"移动互联网,金融",杨浦区,"年底双薪,员工旅游,生日会,节日福利",10k-20k,1-3年,数据分析师,产品/需求/项目类,数据分析
上海你我贷互联网金融信息服务,嘉银（上海）金融信息服务有限公司,金融,浦东新区,弹性工作 工作环境好 带薪年假 绩效奖金,13k-25k,1-3年,数据分析师（业务分析）,开发/测试/运维类,数据开发
文军,上海文军信息技术有限公司,移动互联网,闵行区,"股权激励,丰厚年终奖,出国旅游,员工福利",20k-30k,3-5年,大数据分析师,开发/测试/运维类,数据开发
Seedeer,天|（上海）电子商务有限公司,"电子商务,企业服务",虹口区,"平台广阔,五险一金,专业培训",6k-12k,1-3年,数据分析师,产品/需求/项目类,数据分析
挖财,杭州财米科技有限公司,"移动互联网,金融",浦东新区,"期权激励,带薪年假,弹性工作,年底多薪",12k-24k,1-3年,高级数据分析师,市场与销售,市场/营销
巨人网络,上海巨人网络科技有限公司,游戏,松江区,一流的办公环境 福利待遇优厚 发展平台,15k-30k,3-5年,数据分析师,开发/测试/运维类,数据开发
美利金融,天道计然（北京）信息科技有限责任公司,"移动互联网,金融",浦东新区,Nice老板,10k-20k,1-3年,数据分析师 - 风控方向,金融类,风控
美莱集团,上海美莱投资管理有限公司,"医疗健康,电子商务",长宁区,"发展好,前景广,晋升快",8k-12k,1-3年,数据分析师,市场/商务/销售类,市场/营销
萨摩耶金服,深圳萨摩耶互联网金融服务有限公司,金融,浦东新区,"年终奖,期权,福利多,晋升快",13k-25k,3-5年,数据分析师/反欺诈策略分析师,金融类,风控
趣致网络,上海趣致网络科技有限公司,"移动互联网,O2O",徐汇区,绿色办公，空间巨大,10k-20k,3-5年,数据分析/数据挖掘工程师,技术,数据开发
饿了么,拉扎斯网络科技（上海）有限公司,移动互联网,普陀区,大平台 发展快,10k-15k,3-5年,数据分析师,产品/需求/项目类,数据分析
返利网,上海中彦信息科技有限公司,电子商务,徐汇区,"福利好,年新高,培训多,氛围好",15k-30k,3-5年,资深数据分析师,开发/测试/运维类,数据开发
旅游圈,北京匹匹扣国际旅行社有限公司上海分公司,移动互联网,闸北区,数据分析师,8k-12k,1-3年,数据分析师,设计,用户研究
浅橙科技,上海浅橙网络科技有限公司,"移动互联网,金融",杨浦区,"年底双薪,员工旅游,生日会,节日福利",8k-12k,1-3年,数据分析专员,产品/需求/项目类,数据分析
国泰君安证券股份有限公司,国泰君安证券股份有限公司,金融,浦东新区,国内综合实力最强的证券公司之一,20k-40k,3-5年,大数据分析师,产品/需求/项目类,数据分析
网聚宝,上海云贝网络科技有限公司,"电子商务,数据服务",浦东新区,"年底双薪,绩效奖金,员工旅游,五险一金",8k-12k,1-3年,数据分析师,产品/需求/项目类,数据分析
宜信,普信恒业科技发展（北京）有限公司,"移动互联网,金融",浦东新区,"六险一金,紧邻地铁,优势团队",20k-40k,3-5年,高级数据分析师,开发/测试/运维类,数据开发
上海宏鹿信息技术服务有限公司,上海宏鹿信息技术服务有限公司,移动互联网,浦东新区,"弹性工作,带薪年假,员工旅游,年终奖",10k-20k,1-3年,风控/数据分析,产品/需求/项目类,数据分析
上海中文,上海中文在线文化发展有限公司,"教育,移动互联网",黄浦区,"大牛亲自带,晋升空间广,团队年轻化,福利不停享",10k-15k,1-3年,数据分析工程师,开发/测试/运维类,数据开发
厚本金融,上海厚本金融信息服务有限公司,金融,黄浦区,快速的职业成长、优秀的导师,15k-30k,3-5年,数据分析师/数据科学家,设计,数据分析
携程,携程计算机技术（上海）有限公司,"移动互联网,旅游",长宁区,广阔的发展平台，有竞争力的薪酬奖金激励,15k-30k,3-5年,高级数据分析师,开发/测试/运维类,数据开发
安心记加班,上海慧贤网络科技有限公司,移动互联网,徐汇区,"弹性时间,地铁周边,大牛云集,广阔前景",15k-30k,3-5年,高级数据分析工程师,开发/测试/运维类,数据开发
DerbySoft,德比软件（上海）有限公司,旅游,浦东新区,"弹性工作时,午餐补助,补充医疗",15k-28k,1-3年,数据科学家/高级数据分析师,开发/测试/运维类,数据开发
上海心灵伙伴云计算,上海心灵伙伴云计算信息技术有限公司,教育,普陀区,"领导nic,技术氛围好,行业好",15k-30k,3-5年,数据分析工程师,开发/测试/运维类,数据开发
PPTV聚力,上海聚力传媒技术有限公司,文化娱乐,浦东新区,五险一金 有商业医疗保险 带薪休假,15k-20k,5-10年,高级数据分析师,市场与销售,市场/营销
饿了么,拉扎斯网络科技（上海）有限公司,移动互联网,普陀区,狼性公司，快速成长,15k-25k,3-5年,资深数据分析师,产品/需求/项目类,数据分析
返利网,上海中彦信息科技有限公司,电子商务,徐汇区,"福利好,年薪多,培训多,氛围好",20k-30k,5-10年,数据分析经理,开发/测试/运维类,数据开发
MSO眸事网,麦曼（上海）企业管理咨询有限公司,O2O,虹口区,"互联网,人工智能,季度奖金,扁平化",10k-20k,1-3年,数据分析,产品/需求/项目类,数据分析
永辉超市股份有限公司,永辉超市股份有限公司,"电子商务,O2O",徐汇区,500强公司 O2O 晋升空间大,10k-15k,1-3年,数据分析,产品/需求/项目类,产品设计/需求分析
宜信,普信恒业科技发展（北京）有限公司,"移动互联网,金融",浦东新区,"六险一金,优势团队",20k-40k,3-5年,数据分析算法工程师,开发/测试/运维类,数据开发
Anavss,艾尼韦斯（上海）信息科技有限公司,"企业服务,数据服务",虹口区,"绩效奖金,年终奖金",15k-25k,3-5年,数据分析师,产品/需求/项目类,数据分析
易果生鲜,上海易果电子商务有限公司,电子商务,长宁区,"业务导向,发展空间大",10k-15k,3-5年,数据分析经理,产品/需求/项目类,数据分析
上海美华系统有限公司,上海美华系统有限公司,"移动互联网,数据服务",长宁区,"发展空间大,工作氛围好",8k-15k,1-3年,数据分析师,开发/测试/运维类,数据开发
爱乐奇,上海钦文信息科技有限公司,移动互联网,浦东新区,数据驱动,15k-25k,3-5年,高级数据分析师,产品/需求/项目类,数据分析
摩柏科技,上海摩柏网络科技有限公司,"金融,移动互联网",虹口区,"发展空间大,待遇优,环境好",18k-20k,1-3年,数据分析师,产品/需求/项目类,数据分析
时趣social-touch,时趣互动（北京）科技有限公司,移动互联网,长宁区,弹性工作 免费咖啡 平台好 发展空间,10k-20k,3-5年,高级数据分析师,产品/需求/项目类,数据分析
平安人寿,中国平安人寿保险股份有限公司,金融,浦东新区,福利好 晋升空间大 免费班车 专业培训,7k-10k,1-3年,数据分析师,运营/编辑/客服,运营
眸事网,上海脉豪商务信息咨询有限公司,"移动互联网,企业服务",虹口区,"互联网公司,团队大牛多,扁平化,弹性上班",10k-15k,1-3年,数据分析师,产品/需求/项目类,数据分析
易创云服,雨方智能科技（上海）有限公司,"企业服务,数据服务",杨浦区,"氛围好,鼓励创新",15k-20k,1-3年,数据分析师,产品/需求/项目类,数据分析
滴滴出行,北京嘀嘀无限科技发展有限公司,移动互联网,普陀区,公司快速发展，团队简单，机会多,18k-25k,5-10年,数据分析师,技术,后端开发
饿了么,拉扎斯网络科技（上海）有限公司,移动互联网,普陀区,团队氛围好，发展前景大,15k-25k,3-5年,高级数据分析师/专家,市场/商务/销售类,市场/营销
万行科技,上海万行信息科技有限公司,数据服务,松江区,"优秀员工奖,节日补贴,体检,年假",12k-24k,3-5年,数据分析工程师,开发/测试/运维类,数据开发
客锐市场信息,客锐市场信息咨询（上海）有限公司,数据服务,静安区,"机会多,接触面广",4k-8k,不限,数据分析员,产品/需求/项目类,数据分析
快牛金科,上海淡红金融科技有限公司,金融,长宁区,弹性工作制 +奖金多多 +包饭,10k-20k,1-3年,数据分析师,开发/测试/运维类,数据开发
鸿冠信息,上海鸿冠信息科技股份有限公司,移动互联网,黄浦区,"团队氛围,职位发展好",8k-15k,1-3年,数据分析师,开发/测试/运维类,数据开发
华融道,上海荣幸信息科技有限公司,金融,闸北区,"绩效奖金,节假日福利",10k-15k,3-5年,数据分析师,运营/编辑/客服,运营
环球车享,环球车享汽车租赁有限公司,"移动互联网,生活服务",嘉定区,"五险一金,补充公积金,餐饮补贴,定期体检",16k-25k,3-5年,高级数据分析主管,产品/需求/项目类,数据分析
美团点评,北京三快在线科技有限公司,"移动互联网,O2O",长宁区,"上升空间大,大数据平台",22k-30k,3-5年,高级数据分析师,产品/需求/项目类,数据分析
水世界,水世界（上海）网络科技有限公司,电子商务,普陀区,"集团公司,氛围好,发展空间大",8k-15k,1-3年,数据分析,产品/需求/项目类,数据分析
触宝科技,上海触乐信息科技有限公司,"移动互联网,数据服务",徐汇区,"亿级用户量,准上市公司,发展空间大,福利待遇佳",15k-25k,3-5年,【商业化】数据分析师,产品/需求/项目类,数据分析
普资金服,普资华企,金融,浦东新区,"公司发展好,带薪年休假,海外旅游,年终奖金",8k-15k,1-3年,数据分析师,运营/编辑/客服,运营
上海金程教育培训有限公司,上海金程国际金融专修学院,教育,杨浦区,"五险一金,全勤奖,年底双薪,节日福利",5k-6k,不限,数据分析经理/主管/专员,开发/测试/运维类,数据开发
美味不用等,美味不用等（上海）信息科技股份有限公司,"移动互联网,O2O",浦东新区,年底多薪、带薪年假、绩效奖金,15k-20k,1-3年,数据分析专家,产品/需求/项目类,数据分析
同界,上海同界商务咨询有限公司,"数据服务,广告营销",徐汇区,数据分析,8k-12k,1-3年,数据分析师,产品/需求/项目类,数据分析
趣致网络,上海趣致网络科技有限公司,"移动互联网,O2O",徐汇区,"五险一金,‘团队氛围,弹性工作",10k-20k,1-3年,数据分析,开发/测试/运维类,数据开发
饿了么,拉扎斯网络科技（上海）有限公司,移动互联网,普陀区,带薪年假 扁平化管理 公司氛围好,10k-20k,3-5年,高级数据分析师,产品/需求/项目类,数据分析
上海融腾集团,上海融腾资产管理集团有限公司,金融,静安区,"五险一金,做五休二,带薪年假,年终奖",15k-25k,3-5年,数据分析师,运营/编辑/客服,运营
携程,携程计算机技术（上海）有限公司,"移动互联网,旅游",长宁区,弹性工时 旅游福利 海量数据,15k-20k,1-3年,数据分析师/挖掘,开发/测试/运维类,数据开发
交通银行信用卡中心,交通银行太平洋信用卡中心,金融,浦东新区,"职业发展,年终奖",15k-20k,5-10年,数据分析及挖掘经理,开发/测试/运维类,数据开发
从知科技,上海从知教育科技有限公司,"移动互联网,电子商务",浦东新区,"工作氛围好,团队协作佳,助力成长,老板好",8K-10K,1-3年,数据分析师,运营/编辑/客服,运营
添锡信息科技,上海添锡信息技术有限公司,金融,浦东新区,"项目奖金,弹性工作,旅游补贴,大牛团队",8k-15k,1-3年,数据分析师,产品/需求/项目类,数据分析
货车帮,贵阳货车帮科技有限公司,"移动互联网,电子商务",长宁区,"五险一金,有前景",7k-10k,不限,数据分析员,金融类,风控
米赢,上海米赢文化发展有限公司,"移动互联网,社交网络",浦东新区,"别墅办公,各种补贴",8k-15k,1-3年,数据分析师,开发/测试/运维类,数据开发
上海第一财经数据,上海第一财经数据科技有限公司,移动互联网,静安区,"补充公积金,弹性工作制,补充医疗,年终奖",7k-13k,1-3年,数据分析师―数据模型方向,开发/测试/运维类,数据开发
营销,上海众聘信息科技有限公司,"移动互联网,广告营销",徐汇区,"提供住宿,工作氛围好,福利补贴,13薪",15k-30k,3-5年,数据分析师,产品/需求/项目类,数据分析
CreditX,上海氪信信息技术有限公司,"金融,数据服务",长宁区,"AI技术,精英团队,扁平管理,弹性工作制",10k-20k,不限,数据分析师,开发/测试/运维类,数据开发
上海正也科技,上海正也信息科技有限公司,"移动互联网,企业服务",普陀区,"机遇+挑战,工作氛围佳,发展空间大,期权激励",25k-30k,3-5年,数据分析师,产品/需求/项目类,数据分析
中国婚博会,上海家芭莎会展有限公司,移动互联网,闸北区,"平台前景好,假期多,高绩效,提供住宿",5k-9k,应届毕业生,数据分析,产品/需求/项目类,数据分析
嗨皮网络,嗨皮（上海）网络科技股份有限公司,"移动互联网,广告营销",徐汇区,"发展空间,学习晋升,福利不断",4k-8k,不限,数据分析实习生,产品/需求/项目类,数据分析
天阳科技,天阳宏业科技股份有限公司,"企业服务,金融",浦东新区,金融项目,12k-20k,3-5年,中级数据库开发/数据分析,开发/测试/运维类,数据开发
饿了么,拉扎斯网络科技（上海）有限公司,移动互联网,普陀区,弹性工作时间，丰厚年终，竞争性薪酬,10k-20k,不限,数据分析师,运营/编辑/客服,运营
美团点评,北京三快在线科技有限公司,"移动互联网,O2O",长宁区,成长空间大,15k-30k,1-3年,资深数据分析师,产品/需求/项目类,数据分析
GeexFinance,即科金融信息服务（上海）有限公司,金融,杨浦区,"精英团队,优渥薪资,高速发展,大数据分析",12k-18k,1-3年,资深数据分析师,金融类,风控
百度,百度在线网络技术（北京）有限公司,"移动互联网,数据服务",浦东新区,高薪,15k-30k,不限,数据分析,开发/测试/运维类,数据开发
1号店,纽海信息技术(上海)有限公司,移动互联网,浦东新区,知名平台，可视化发展，诱惑力薪资,20k-30k,3-5年,数据分析,技术,后端开发
平安人寿,中国平安人寿保险股份有限公司,金融,浦东新区,福利好 岗位晋升 免费班车 年终奖,7k-12k,1-3年,数据分析岗,市场/商务/销售类,市场/营销
简七理财,上海简七信息科技有限公司,"移动互联网,金融",徐汇区,"带薪年假,五险一金,晋升空间,行业领先",15k-30k,3-5年,数据分析师,产品/需求/项目类,数据分析
袋马科技,袋马智能科技（上海）有限公司,硬件,闵行区,"人工智能,开放性项目",10k-15k,不限,数据分析岗,开发/测试/运维类,数据开发
上海你我贷互联网金融信息服务,嘉银（上海）金融信息服务有限公司,金融,浦东新区,"互联网,带薪年假,五险一金,福利优",8k-12k,1-3年,数据分析师,产品/需求/项目类,数据分析
零点有数,上海零点市场调查有限公司,企业服务,黄浦区,"弹性工作,定期体检,带薪年假,晋升空间",6k-10k,1-3年,数据分析师,其他,商业服务|专业服务
云星数据,云星数据（深圳）有限公司,"医疗健康,数据服务",浦东新区,"数据分析,数据挖掘,精准营销",15k-25k,3-5年,高级数据分析师,开发/测试/运维类,数据开发
微鲸科技,微鲸科技有限公司,移动互联网,浦东新区,五险一金 弹性工作制,20k-40k,5-10年,产品经理（数据分析）,产品,产品经理
天阳科技,天阳宏业科技股份有限公司,"企业服务,金融",浦东新区,挑战高薪,15k-25k,3-5年,中高级数据库开发/数据分析（急招）,开发/测试/运维类,数据开发
东普科技,上海东普信息科技有限公司,"移动互联网,电子商务",青浦区,"包食宿,班车接送,晋升平台,带薪休假",12k-20k,3-5年,高级数据分析师（统计方向）,开发/测试/运维类,数据开发
华通银行,福建华通银行股份有限公司,"金融,移动互联网",浦东新区,发展空间大,15k-30k,1-3年,数据分析平台工程师,开发/测试/运维类,软件开发
饿了么,拉扎斯网络科技（上海）有限公司,移动互联网,普陀区,团队年轻，自由发挥，薪资优势，全薪病假,9k-14k,1-3年,高级数据分析师,产品/需求/项目类,数据分析
美团点评,北京三快在线科技有限公司,"移动互联网,O2O",徐汇区,"全能未来,全速发展,全力助长",8k-10k,不限,美团点评数据分析师#928,产品/需求/项目类,数据分析
天阳科技,天阳宏业科技股份有限公司,"企业服务,金融",浦东新区,挑战高薪,15k-25k,3-5年,中高级数据库开发/数据分析（急招）,开发/测试/运维类,数据开发
上海你我贷互联网金融信息服务,嘉银（上海）金融信息服务有限公司,金融,浦东新区,"专业培训,五险一金,绩效奖金,餐饮补贴",30k-50k,1-3年,数据分析师（业务方向）,开发/测试/运维类,数据开发
流量海科技,深圳市流量海科技有限公司,"企业服务,数据服务",徐汇区,"大数据,电信运营商,数据分析",10k-20k,3-5年,数据分析（业务分析）,开发/测试/运维类,数据开发
拓端数据,杭州拓端数据科技有限公司,"数据服务,电子商务",宝山区,"弹性工作,零食茶点,丰富活动",5k-8k,不限,数据分析师,产品/需求/项目类,数据分析
慧爱金融,上海慧爱信息科技有限公司,"移动互联网,金融",黄浦区,"互联网金融,团队年轻,潜力巨大",6k-12k,1-3年,数据分析师（金融业）,开发/测试/运维类,数据开发
挖财,杭州财米科技有限公司,"移动互联网,金融",浦东新区,弹性工作，大牛分享，早餐下午茶晚餐,2k-3k,不限,数据分析师（实习生）,职能,财务
百融金服,百融（北京）金融信息服务股份有限公司,"金融,数据服务",浦东新区,六险一金 福利补贴 年终奖金,15k-20k,1-3年,高级数据分析师,设计,用户研究
携程,携程计算机技术（上海）有限公司,"移动互联网,旅游",长宁区,团队氛围好 大平台 行业领 发展空间大,20k-40k,5-10年,数据分析高级经理,开发/测试/运维类,数据开发
arvato China,上海贝塔斯曼商业服务有限公司,"广告营销,数据服务",闸北区,提升空间大 培训体系完善 数据接触面广,7k-12k,3-5年,数据分析师--SQL,技术,DBA
申通快递,申通快递有限公司,生活服务,青浦区,"五险一金,年假,双休,节日福利",10k-20k,1-3年,BI/数据分析工程师,开发/测试/运维类,数据开发
唯智信息,唯智信息技术（上海）有限公司,"移动互联网,其他",长宁区,"数据分析,数据挖掘",6k-10k,1-3年,数据分析技术工程师,开发/测试/运维类,数据开发
摇钱罐,上海琴雁金融信息服务有限公司,"移动互联网,金融",黄浦区,"领导好,发展空间大,福利好",15k-25k,1-3年,数据分析师,开发/测试/运维类,数据开发
上海美华系统有限公司,上海美华系统有限公司,"移动互联网,数据服务",长宁区,"发展空间大,工作氛围好,成长快",9k-16k,3-5年,大数据咨询顾问（数据分析方向）,开发/测试/运维类,数据开发
饿了么,拉扎斯网络科技（上海）有限公司,移动互联网,普陀区,发展空间广阔,15k-22k,5-10年,数据分析产品经理,技术,软件开发
美团点评,北京三快在线科技有限公司,"移动互联网,O2O",长宁区,"平台好,发展快",20k-40k,5-10年,高级数据分析师-金融平台,产品/需求/项目类,数据分析
特易资讯,上海特易信息科技有限公司,"电子商务 ,企业服务",徐汇区,氛围好,5k-8k,1-3年,数据分析,产品/需求/项目类,数据分析
平安金服,深圳平安综合金融服务有限公司,"金融,数据服务",浦东新区,"大平台,绩效奖金,班车,体检",15k-20k,3-5年,数据分析岗,产品/需求/项目类,数据分析
派兰数据,上海派兰数据科技有限公司,"数据服务,医疗健康",长宁区,福利好 带薪年假 弹性工作 高能TEAM,7k-9k,不限,数据分析师,技术,后端开发
阔迎,上海阔迎网络科技有限公司,"移动互联网,金融",徐汇区,"个人分红,年底双薪,福利待遇多,年轻活跃",10k-20k,1-3年,金融数据分析师,金融类,证券/期货
口袋网,深圳口袋网互联网金融服务有限公司,"移动互联网,金融",浦东新区,"带薪年假,美女帅哥多,办公氛围轻,员工旅游",15k-30k,3-5年,资深数据分析师,开发/测试/运维类,数据开发
和君纵达,昆山和君纵达数据科技有限公司,数据服务,浦东新区,"扁平化管理,发展前景,领导nic,福利完善",10k-20k,3-5年,高级数据分析师,开发/测试/运维类,数据开发
多喜爱家纺电商,多喜爱信息技术有限公司,电子商务,闸北区,"团队氛围好,领导好,学习机会多,电商数据",4k-6k,1-3年,数据专员 数据分析,产品/需求/项目类,数据分析
上海曦久网络科技,上海曦久网络科技有限公司,"金融,移动互联网",浦东新区,公司发展前景好&nbsp;领导nice&nbsp;牛人多,15K-25K,3-5年,数据分析师,产品/需求/项目类,数据分析
Alading Bank,上海亮昕网络科技有限公司,"移动互联网,金融",黄浦区,"弹性工作制,扁平化管理,上升空间大,福利多多",3k-6k,不限,数据分析实习生（算法工程方向）,产品/需求/项目类,数据分析
韦博教育集团,上海浦东新区韦博进修学校,教育,徐汇区,"脑洞大开,慧眼识数据,错峰上下班,老板与时俱",9k-11k,3-5年,韦博集团总部数据分析主管,产品/需求/项目类,数据分析
徙木金融,徙木金融信息服务(上海)有限公司,"金融,数据服务",普陀区,纯线上信贷产品，数据化风控，有趣好玩,10K-20K,1-3年,数据分析经理,金融,风控
上海粒数网络科技有限公司,上海粒数网络科技有限公司,数据服务,长宁区,"年终奖,房补，车补,五险一金,年假5天",8k-15k,不限,数据分析师,产品/需求/项目类,数据分析
挖财,杭州财米科技有限公司,"移动互联网,金融",浦东新区,五险一金、弹性工作、与牛人共舞,8k-10k,1-3年,初级数据分析师（wodlee）-上海-00938,市场/商务/销售类,销售
美团点评,北京三快在线科技有限公司,"移动互联网,O2O",徐汇区,"全能未来,全速发展,全力助长",7k-10k,不限,上海高级数据分析专员,产品/需求/项目类,数据分析
云谏能源,上海云谏能源科技有限公司,"移动互联网,其他",浦东新区,五险一金、补充公积金、年终奖、绩效奖,15K-30K,5-10年,大数据分析师,开发/测试/运维类,数据开发
个推,浙江每日互动网络科技股份有限公司,移动互联网,静安区,"互联网独角兽公司,海量数据，福利好",12k-18k,不限,商业数据分析,市场与销售,数据分析
浅深集团,上海浅深休闲酒店管理有限公司,生活服务,黄浦区,"五险一金,做五休二,福利",15k-30k,3-5年,数据分析，数据产品,开发/测试/运维类,软件开发
凯京集团,上海凯京信达科技集团有限公司,金融,浦东新区,大数据金融 弹性工作 待遇丰厚,7k-10k,不限,数据分析专员,运营,运营
全程网络,商宴通（上海）网络科技有限公司,"企业服务,O2O",杨浦区,薪酬工资高、发展前景、行业标杆、美女多,10k-18k,1-3年,商业数据分析师,市场与销售,市场/营销
敬众数据,上海敬众数据处理有限公司,"电子商务,数据服务",徐汇区,"大数据,金融,征信,航旅",15K-30K,1-3年,数据分析师,产品/需求/项目类,数据分析
上海睿渠,上海睿渠网络技术有限公司,"移动互联网,O2O",浦东新区,"晋升空间大,节日福利,弹性工作,绩效奖金",8k-10k,1-3年,数据分析师,开发/测试/运维类,数据开发
东普科技,上海东普信息科技有限公司,"移动互联网,电子商务",青浦区,"晋升平台,包食宿,班车接送,带薪休假",10k-18k,3-5年,高级数据分析师（优化方向）,开发/测试/运维类,数据开发
musical.ly,蜜柚网络科技（上海）有限公司,"社交网络,文化娱乐",黄浦区,"大牛带你飞,欢乐多多",15k-25k,不限,数据分析师（产品分析/商业分析）,开发/测试/运维类,数据开发
彪洋科技,彪洋科技（北京）有限公司,"移动互联网,广告营销",长宁区,"七险一金,弹性工作,年底双薪",5k-7k,不限,初级数据分析师,开发/测试/运维类,数据开发
饿了么,拉扎斯网络科技（上海）有限公司,移动互联网,普陀区,大平台，新技术。,15k-25k,3-5年,数据分析产品经理,产品/需求/项目类,产品设计/需求分析
小赢科技,深圳市赢众通金融信息服务有限责任公司,金融,黄浦区,富诱惑力的薪酬、良好的发展机会,10k-20k,1-3年,金融数据分析师,产品/需求/项目类,数据分析
木子木网络,昆山木子木网络科技有限公司,游戏,嘉定区,"数据分析,应用数学,数据分析",3k-6k,不限,数据分析师,产品/需求/项目类,数据分析
还呗-智能信贷领先者,上海数禾信息科技有限公司,"移动互联网,金融",浦东新区,"移动金融,未来金矿,精英团队,助力成长",10k-20k,1-3年,风险数据分析岗,金融类,风控
储信资产,储信资产管理（上海）有限公司,金融,黄浦区,佣金数据,6k-8k,1-3年,数据分析专员,产品/需求/项目类,数据分析
Lumi,禄美生物科技（上海）有限公司,"O2O ,医疗健康",浦东新区,"外企,福利多,假期多",5k-10k,3-5年,数据分析专员,产品/需求/项目类,数据分析
民爱贷,上海民爱互联网金融信息服务有限公司,"移动互联网,金融",松江区,"数据分析,互联网金融,数据挖掘",8k-12k,3-5年,数据分析专员,产品/需求/项目类,数据分析
银科控股&middot;银如意,银如意（天津）贵金属经营有限公司,金融,浦东新区,"晋升空间大,五险一金,年终奖金,周末双休",6k-9k,不限,数据分析师,开发/测试/运维类,数据开发
携程,携程计算机技术（上海）有限公司,"移动互联网,旅游",长宁区,发展平台好 海外人才优惠政策,20k-40k,1-3年,数据分析经理,产品/需求/项目类,数据分析
空中金融,上海企翱网络科技有限公司,"移动互联网,金融",浦东新区,细心,6k-10k,1-3年,数据分析（现金贷）,运营/编辑/客服,审核
小赢科技,深圳市赢众通金融信息服务有限责任公司,金融,虹口区,良好的发展前景，富有诱惑力的薪酬,25k-30k,3-5年,金融数据分析经理,金融类,风控
维信金融科技集团,上海维信荟智金融科技有限公司,金融,闸北区,"专业培训,稳定平台",8k-11k,1-3年,数据分析专员J10599,金融类,风控
五达投资,五达投资管理（上海）有限公司,"企业服务,金融",浦东新区,"发展空间大,转正调薪,五险一金,周末双休",8k-10k,1年以下,数据分析工程师,产品/需求/项目类,数据分析
musical.ly,蜜柚网络科技（上海）有限公司,"社交网络,文化娱乐",黄浦区,"大牛带你飞,欢乐多多",15k-25k,不限,数据分析师（产品分析/商业分析）,开发/测试/运维类,数据开发
国泰君安证券股份有限公司,国泰君安证券股份有限公司,金融,浦东新区,国内综合实力最强的证券公司之一,10k-20k,3-5年,风险数据分析,开发/测试/运维类,数据开发
嘉桥数据咨询,上海嘉桥信息科技有限公司,数据服务,黄浦区,"待遇好,福利多,环境好,晋升快",6k-12k,1年以下,数据分析/数据运营/数据处理/数据统计,产品/需求/项目类,数据分析
快更视频,上海晟品网络科技有限公司,"移动互联网,文化娱乐",徐汇区,"12天带薪,包2餐,牛人带队",20k-40k,3-5年,高级产品经理（数据分析方向）,产品/需求/项目类,产品设计/需求分析
中鑫财富商业保理有限公司,中鑫财富商业保理有限公司,金融,静安区,数据分析,6k-9k,1-3年,数据分析专员,市场/商务/销售类,市场/营销
上海粒数网络科技有限公司,上海粒数网络科技有限公司,数据服务,长宁区,"入职享年假,五险一金,节假日红包,年终奖金",6k-12k,不限,初级数据分析师,产品/需求/项目类,数据分析
嘉桥数据咨询,上海嘉桥信息科技有限公司,数据服务,黄浦区,"薪资高,晋升快,环境好,福利多",6k-12k,应届毕业生,数据分析/数据运营/数据处理/数据统计,开发/测试/运维类,数据开发
携程,携程计算机技术（上海）有限公司,"移动互联网,旅游",长宁区,旅游老大等你来,8k-16k,1-3年,商业数据分析师,产品/需求/项目类,数据分析
舞泡,上海舞泡网络科技有限公司,"移动互联网,电子商务",闵行区,"工资高,空间大,绩效奖金,跟BOSS",15k-30k,5-10年,高级数据分析师,产品/需求/项目类,数据分析
能猫工作室,上海乙央电子商务有限公司,电子商务,,高薪 发展 环境好,4k-7k,1年以下,商品专员/货控/数据分析专员/百盛ERP,产品,产品经理
宝象投资控股集团有限公司,宝象投资控股集团有限公司,金融,浦东新区,"待遇好,薪资高,环境好",10k-20k,3-5年,数据分析工程师（风险计量）,开发/测试/运维类,数据开发
联璧科技,上海联壁科技电子有限公司,移动互联网,静安区,"SPSS,MATLA,SQL,MATLA",7k-9k,1-3年,数据分析专员,产品/需求/项目类,数据分析
nonda 能塔智能,上海能塔智能科技有限公司,"移动互联网,硬件",徐汇区,"欧美车联网,高速发展,发展空间大,团队牛人多",10k-20k,1-3年,数据分析工程师Data Analyst,开发/测试/运维类,数据开发
数旦信息,上海数旦信息技术有限公司,"移动互联网,金融",徐汇区,技术大牛扎堆，学习机会多，免费零食饮料,3k-4k,不限,数据分析工程师（实习）,技术,后端开发
游族网络,上海游族信息技术有限公司,"移动互联网,游戏",徐汇区,上市公司福利待遇好,11k-20k,1-3年,商业数据分析/挖掘师,产品/需求/项目类,数据分析
拍拍贷,上海拍拍贷金融信息服务有限公司,金融,浦东新区,明星团队,18k-25k,5-10年,数据分析专家（市场部）,产品/需求/项目类,产品设计/需求分析
小赢科技,深圳市赢众通金融信息服务有限责任公司,金融,浦东新区,富有诱惑力的薪酬，良好的发展前景,12k-20k,3-5年,数据分析主管（催收中心）,金融类,风控
美特斯邦威,上海美特斯邦威服饰股份有限公司,"电子商务,O2O",浦东新区,"五险一金,宿舍,食堂",5k-7k,1-3年,初级数据分析师,产品/需求/项目类,数据分析
simplyBrand,信励（上海）信息科技有限公司,数据服务,黄浦区,大数据 热门领域 国际化团队,15k-25k,3-5年,Sr. Analyst （高级数据分析师）,开发/测试/运维类,数据开发
上海你我贷互联网金融信息服务,嘉银（上海）金融信息服务有限公司,金融,浦东新区,弹性工作 工作环境好 带薪年假 绩效奖金,13k-25k,3-5年,数据分析师（挖掘建模）,开发/测试/运维类,数据开发
PPTV聚力,上海聚力传媒技术有限公司,文化娱乐,浦东新区,各种补贴 与网红近距离接触,7k-11k,1-3年,数据分析师（龙珠直播）,开发/测试/运维类,数据开发
百度上海分公司,百度在线网络技术(北京)有限公司上海软件技术分公司,"移动互联网,数据服务",嘉定区,"BAT背景,带薪年假,多项员工福,定期体检",8k-11k,1-3年,高级数据分析师,产品/需求/项目类,数据分析
美团点评,北京三快在线科技有限公司,"移动互联网,O2O",长宁区,"平台大,氛围好",12k-24k,1-3年,数据分析师（展示广告）,产品/需求/项目类,数据分析
美好分期,苏州盈衍友诚信息科技有限公司,金融,黄浦区,"年终多薪,带薪年假,补充医疗,扁平管理",8k-14k,1-3年,数据分析师（金融）,金融类,风控
爱回收,上海悦易网络信息技术有限公司,"电子商务,O2O",杨浦区,"D轮公司,期权激励,丰厚年终奖,晋升快",15k-25k,3-5年,风控数据分析师,产品/需求/项目类,数据分析
运去哪,上海汇航捷讯网络科技有限公司,"电子商务,企业服务",黄浦区,"五险一金,饭补",15k-25k,1-3年,BI数据分析师,产品/需求/项目类,数据分析
驴妈妈旅游网,上海景域文化传播股份有限公司,"电子商务,旅游",普陀区,高绩效 大平台 学习机会多,7k-12k,1-3年,运营数据分析,产品/需求/项目类,数据分析
麦博游戏 MYBO,上海麦博文化传播有限公司,"移动互联网,游戏",普陀区,"别墅办公,弹性工作制,年度旅游,无限零食",8k-15k,1-3年,数据分析师（BI）,技术,软件开发
讯实科技,上海讯实网络科技有限公司,数据服务,浦东新区,"双休,五险一金,13薪",6k-8k,1-3年,互联网数据分析师,运营/编辑/客服,运营
Ekohe 易空海,易空海软件咨询（上海）有限公司,移动互联网,静安区,"五险一金,商业保险,带薪年假,午餐补贴",15k-30k,1-3年,Data Scientist-数据分析和挖掘工程师,开发/测试/运维类,数据开发
京东,京东商城,电子商务,长宁区,"大平台,弹性工时",12k-24k,1-3年,风控数据分析岗,产品/需求/项目类,数据分析
沪江,沪江教育科技（上海）股份有限公司,"移动互联网,教育",浦东新区,待遇优厚，快速成长，弹性工作制,15k-30k,3-5年,高级数据分析师（平台 直播 流媒体）(J10914）,产品/需求/项目类,数据分析
爱奇艺,北京爱奇艺科技有限公司,"广告营销,文化娱乐",徐汇区,六险一金 12天年假 季度奖金 平台优越,5k-10k,1-3年,互娱-广告数据分析-上海,运营/编辑/客服,运营
拍拍贷,上海拍拍贷金融信息服务有限公司,金融,浦东新区,明星团队,10k-15k,1-3年,数据分析/建模专家（经营优化）,开发/测试/运维类,数据开发
饿了么,拉扎斯网络科技（上海）有限公司,移动互联网,普陀区,数据领域大神等你一起来玩耍～,15k-30k,1-3年,数据分析师（数据挖掘产品）,产品/需求/项目类,数据分析
羽尔姿,上海青荔生物科技有限公司,"生活服务,其他",闵行区,"挑战,成长",3k-6k,不限,客户数据分析师,运营/编辑/客服,客服
鲜丰水果,杭州群丰果品连锁有限公司,生活服务,徐汇区,"数据,运营",5k-10k,1-3年,电商数据分析,产品/需求/项目类,数据分析
实惠,上海帷米商务信息咨询有限公司,"移动互联网,生活服务",闸北区,"百人团队,年底3薪",18k-25k,3-5年,高级数据分析师（大数据BI）,开发/测试/运维类,数据开发
上海硕恩,上海硕恩网络科技有限公司,"数据服务,电子商务",黄浦区,"绩效奖金,年终奖金,五险一金,发展空间大",15k-25k,3-5年,SAS数据分析专家,开发/测试/运维类,数据开发
小赢科技,深圳市赢众通金融信息服务有限责任公司,金融,黄浦区,富诱惑力的薪酬、良好的发展机会,15k-25k,不限,风险数据分析师（风险模型）,开发/测试/运维类,数据开发
2345.com,上海二三四五网络科技有限公司,"数据服务,移动互联网",浦东新区,"平台发展快,薪资福利好,管理灵活,领导好",15k-25k,3-5年,高级数据分析师（风控）,产品/需求/项目类,数据分析
平安租赁,平安国际融资租赁有限公司,金融,浦东新区,五险一金,9k-16k,1-3年,数据分析经理（风控）(001053),金融类,风控
NextTao 互道信息,互道信息技术（上海）有限公司,"移动互联网,电子商务",浦东新区,"弹性工作,氛围好,领导牛逼",15k-30k,3-5年,BI专家（数据分析师）,开发/测试/运维类,数据开发
麦子金服,上海麦子资产管理有限公司,"移动互联网,金融",徐汇区,发展前景大 福利多多,25k-30k,5-10年,风控数据分析经理,开发/测试/运维类,数据开发
洋码头,上海洋码头网络技术有限公司,"移动互联网,电子商务",闸北区,"扁平管理,互联网文化,弹性工作",10k-20k,3-5年,BI数据分析师,产品/需求/项目类,数据分析
还呗-智能信贷领先者,上海数禾信息科技有限公司,"移动互联网,金融",浦东新区,"移动金融,未来金矿,精英团队,助力成长",10k-20k,1-3年,数据分析师（大数据营销方向）,市场/商务/销售类,市场/营销
Datatist,上海画龙信息科技有限公司,"数据服务,广告营销",徐汇区,"大数据公司,硅谷团队,股票期权,带薪假期",15k-30k,3-5年,高级商业数据分析师,产品/需求/项目类,数据分析
现金侠,上海利全信息科技服务有限公司,"移动互联网,金融",长宁区,"技术氛围好,领导是大牛,发展空间大,办公环境好",13k-25k,3-5年,高级数据分析（风控）,开发/测试/运维类,数据开发
YHOUSE,上海悦会信息科技有限公司,移动互联网,黄浦区,发展前景好,15k-25k,5-10年,高级数据分析师BI,开发/测试/运维类,数据开发
途家网,途家网网络技术（北京）有限公司,"移动互联网,O2O",虹口区,"补充公积金,商业保险,餐补,带薪年假",20k-25k,3-5年,BI数据分析师(001161),开发/测试/运维类,数据开发
arvato China,上海贝塔斯曼商业服务有限公司,"广告营销,数据服务",闸北区,工作环境高大上 成长速度快猛狠 福利好,8k-15k,1-3年,商业数据分析顾问,市场与销售,市场/营销
析鲸信息,上海析鲸信息科技有限公司,"数据服务,金融",杨浦区,"数理统计,经济意义",8k-12k,1-3年,风险数据分析师,金融类,风控
和君纵达,昆山和君纵达数据科技有限公司,数据服务,浦东新区,"扁平化管理,发展前景,周末双休,福利完善",8k-15k,3-5年,商务数据分析,开发/测试/运维类,数据开发
拍拍贷,上海拍拍贷金融信息服务有限公司,金融,浦东新区,晋升空间大,15k-30k,3-5年,风险数据分析师(移动政策),开发/测试/运维类,数据开发
怪猫游戏,上海咕么信息科技有限公司,"移动互联网,游戏",普陀区,"领导很好,五险一金,周末双休,节日福利",6k-12k,1-3年,运营数据分析师,运营/编辑/客服,运营
平安租赁,平安国际融资租赁有限公司,金融,浦东新区,"团队聚餐,五险一金,节日礼物",13k-25k,1-3年,反欺诈经理（数据分析及挖掘）(001277),产品/需求/项目类,产品设计/需求分析
上海硕恩,上海硕恩网络科技有限公司,"数据服务,电子商务",黄浦区,"绩效奖金,五险一金,绩效奖金,发展空间大",15k-30k,5-10年,银行业个人金融业务数据分析专家,金融类,银行
南华期货,南华期货股份有限公司,金融,浦东新区,"薪资丰厚,发展空间",10k-18k,1-3年,数据分析师（数据运营方向）,产品/需求/项目类,数据分析
云兜,上海云兜网络科技有限公司,"电子商务,教育",普陀区,"五险一金,带薪年假,做五休二,弹性工作",8k-16k,1-3年,BI数据分析,产品/需求/项目类,数据分析
驴妈妈旅游网,上海景域文化传播股份有限公司,"电子商务,旅游",普陀区,发展前景,7k-14k,1-3年,运营数据分析师,运营/编辑/客服,运营
华院数据,华院数据技术（上海）有限公司,"企业服务,数据服务",杨浦区,"五险一金,弹性工作,定期体检,发展空间大",10k-12k,1-3年,数据分析工程师（深度学习方向）,开发/测试/运维类,数据开发
现金侠,上海利全信息科技服务有限公司,"移动互联网,金融",长宁区,"办公环境好,技术氛围好,发展空间大,同事都很赞",10k-20k,1-3年,数据分析（运营方向）,开发/测试/运维类,数据开发
声网Agora.io,上海兆言网络科技有限公司,"移动互联网,企业服务",杨浦区,"自我提升,福利优渥,五险一金,前景可观",20k-40k,1-3年,QA/QC 数据分析工程师,开发/测试/运维类,测试
网鱼,上海网鱼信息科技有限公司,"移动互联网,文化娱乐",徐汇区,"做五休二,五险一金,福利好,弹性工作",6k-10k,1-3年,数据分析运营主管（A-18）,运营/编辑/客服,运营
90KM,玖万里网络科技（上海）有限公司,游戏,闸北区,"五险一金,补充医疗,免费三餐,项目奖金",5k-10k,1-3年,数值策划 （数据分析向）,产品/需求/项目类,数据分析
百融金服,百融（北京）金融信息服务股份有限公司,"金融,数据服务",浦东新区,"五险一金,弹性工作,福利补贴",10k-20k,1-3年,BI数据分析师/BI高级数据分析师：上海,产品/需求/项目类,数据分析
平安租赁,平安国际融资租赁有限公司,金融,浦东新区,"五险一金,500强",10k-18k,1-3年,数据分析经理（运营）(001119),运营/编辑/客服,运营
拍拍贷,上海拍拍贷金融信息服务有限公司,金融,浦东新区,明星团队,15k-25k,3-5年,客服体验数据分析师,开发/测试/运维类,数据开发
拼多多,杭州微米网络科技有限公司,"电子商务,移动互联网",长宁区,"大牛云集,亿级用户,福利佳",10k-20k,1-3年,BI数据分析师,开发/测试/运维类,数据开发
平安银行,平安银行股份有限公司,金融,浦东新区,五险一金，节假日休息,20k-40k,3-5年,信用卡核心系统研发 数据分析/机器学习,开发/测试/运维类,数据开发
首科众筹,宁波首科众筹网络科技有限公司,"移动互联网,金融",长宁区,"拟上市企业,发展空间大",25k-35k,5-10年,信贷数据分析经理,开发/测试/运维类,数据开发
旺旺集团,上海旺旺食品集团有限公司,"电子商务,移动互联网",闵行区,"五险一金,有薪年假,双休,员工旅游",4k-6k,不限,销售数据分析,市场/商务/销售类,销售
买单侠,上海秦苍信息科技有限公司,移动互联网、金融,浦东新区,"美式文化,零食畅吃,颜值高,领导好",2k-3k,应届毕业生,数据分析实习生（运营）,产品/需求/项目类,数据分析
NEIWAI内外内衣,上海睿秀电子商务有限公司,"电子商务,其他",长宁区,"高速发展,工作环境佳,竞争力薪资",6k-12k,3-5年,电商运营数据分析师,产品/需求/项目类,数据分析
际慧信息,上海际慧信息技术服务中心,移动互联网,浦东新区,"公司平台好,薪资福利好",15k-25k,5-10年,数据分析经理（运营）,产品/需求/项目类,数据分析
微盟,上海萌店信息科技有限公司,"移动互联网,电子商务",宝山区,福利待遇好，发展前景大,8k-9k,1-3年,数据分析师（移动营销）,开发/测试/运维类,数据开发
嘉桥数据咨询,上海嘉桥信息科技有限公司,数据服务,黄浦区,"待遇好,晋升快,福利多,氛围好",6k-12k,不限,化学分析/生物分析/生物统计/生物信息数据分析员,产品/需求/项目类,数据分析
沪江,沪江教育科技（上海）股份有限公司,"移动互联网,教育",浦东新区,上市前夜 弹性办公 周末双休,15k-20k,1-3年,数据分析师（移动运营方向）,产品/需求/项目类,数据分析
蓝色光标集团,上海蓝色光标品牌顾问有限公司,"广告营销,企业服务",黄浦区,"发展空间大,老板好,市中心上班,精英团队",10k-20k,3-5年,CRM Business Analyst 数据分析,产品/需求/项目类,数据分析
2345.com,上海二三四五网络科技有限公司,"数据服务,移动互联网",浦东新区,"上市公司,六险一金,加薪灵活",8k-15k,1-3年,数据分析师（渠道质量管控，反作弊）,产品/需求/项目类,数据分析
享骑出行,上海享骑电动车服务有限公司,"移动互联网,电子商务",闵行区,"创业型企业,办公氛围好",7k-8k,1-3年,数据分析专员（运营方向）,开发/测试/运维类,数据开发
NEIWAI内外内衣,上海睿秀电子商务有限公司,"电子商务,其他",长宁区,优美环境,6k-8k,1-3年,电商运营数据分析,运营,运营
微盟,上海萌店信息科技有限公司,"移动互联网,电子商务",宝山区,公司前景好，发展空间大,6k-9k,1-3年,运营专员（数据分析专员）,运营/编辑/客服,运营
比孚,上海比孚信息科技有限公司,"移动互联网,数据服务",杨浦区,可转正,4k-6k,不限,数据分析（2018届，统计，数学，计算机，软件）,开发/测试/运维类,数据开发
际慧信息,上海际慧信息技术服务中心,移动互联网,徐汇区,"年终奖,期权,上升空间大",25k-50k,5-10年,IB数据分析数据挖掘（知名互金公司）,开发/测试/运维类,数据开发
买单侠,上海秦苍信息科技有限公司,移动互联网、金融,浦东新区,"商业保险,免费零食,美式文化,D轮",6k-12k,1-3年,数据分析（业务运营方向）,产品/需求/项目类,数据分析
奇虎360金融,上海淇毓信息科技有限公司,"移动互联网,金融",浦东新区,团队优秀、发展空间大,15k-25k,3-5年,Java工程师（数据分析）,开发/测试/运维类,后端开发
百度,百度在线网络技术（北京）有限公司,"移动互联网,数据服务",浦东新区,不止,20k-40k,3-5年,风险策略数据分析岗,金融类,风控
美团点评,北京三快在线科技有限公司,"移动互联网,O2O",长宁区,"全能未来,全速发展,全力助长",15k-25k,不限,数据分析师（APP产品运营分析）,产品/需求/项目类,数据分析
慧爱金融,上海慧爱信息科技有限公司,"移动互联网,金融",黄浦区,"数据分析,互联网金融,风控总监",15k-20k,1-3年,金融风控数据分析师,金融类,风控
东方收藏,上海梭丽文化传播有限公司,"O2O,其他",徐汇区,"年底旅游,提供住宿,带薪年假",6k-8k,1-3年,BI数据分析,开发/测试/运维类,数据开发
2345.com,上海二三四五网络科技有限公司,"数据服务,移动互联网",浦东新区,"领导好,业务发展好,福利多,年轻",10k-20k,3-5年,高级数据分析经理（金融产品、运营方向）,产品/需求/项目类,数据分析
证大财富,上海证大爱特金融信息服务有限公司,"移动互联网,金融",浦东新区,"互联网金融,公司背景大,扁平化管理,团队氛围好",13k-16k,3-5年,数据分析师（数据运营）,运营/编辑/客服,运营
京东商城,京东商城-无线产品研发中心,移动互联网,长宁区,"大平台,弹性工时,友好氛围",13k-26k,1-3年,风控数据分析岗,产品/需求/项目类,数据分析
青桐资本,上海青之桐投资管理有限公司,金融,黄浦区,"互联网投行,精英团队,福利丰厚,氛围轻松",10k-15k,1-3年,BI数据分析师,开发/测试/运维类,数据开发
文思海辉,文思海辉技术有限公司,金融、数据服务,徐汇区,"平台大,弹性工作时,六险一金",6k-8k,3-5年,销售运营（数据分析岗）,市场/商务/销售类,市场/营销
京东,京东商城,电子商务,长宁区,"大数据分析,互联网平台",10k-15k,1-3年,运营数据分析,产品/需求/项目类,数据分析
申通德高,上海申通德高地铁广告有限公司,广告营销,长宁区,领导好,5k-10k,1-3年,高级市场主任（客户关系管理/数据分析）,市场/商务/销售类,市场/营销
银联钱包事业部,中国银联银联钱包事业部,"移动互联网,O2O",浦东新区,"活力,福利,逗比",15k-29k,1-3年,运营数据分析,产品/需求/项目类,数据分析
携程,携程计算机技术（上海）有限公司,"移动互联网,旅游",长宁区,国际业务 发展潜力巨大,12k-20k,1-3年,酒店运营数据分析师,运营/编辑/客服,运营
爱奇艺,北京爱奇艺科技有限公司,"广告营销,文化娱乐",徐汇区,六险一金 12天年假 季度奖金 平台优越,6k-12k,1-3年,游戏-数据分析运营-上海,运营/编辑/客服,运营
九章云极科技,北京九章云极科技有限公司,数据服务,闸北区,"技术大牛,领导好,六险一金,成长型公司",15k-30k,3-5年,大数据分析工程师,开发/测试/运维类,数据开发
UCloud,上海优刻得信息科技有限公司,"数据服务,企业服务",杨浦区,发展空间大,6k-10k,不限,TEU―销售运营数据分析师,开发/测试/运维类,数据开发
卓领通讯,上海卓领通讯技术有限公司,移动互联网,浦东新区,"技术氛围好,领导好,平台大,工作压力轻",8k-16k,不限,中高级大数据分析,开发/测试/运维类,数据开发
鱼泡泡,上海鱼泡泡信息科技有限公司,生活服务,徐汇区,强大的数据团队，完善的晋升体系。,12k-18k,1-3年,大数据分析工程师,开发/测试/运维类,数据开发
哒哒英语,上海卓赞信息技术有限公司,教育,长宁区,"电脑补贴,租房补贴,弹性时间,工程师文化",13k-26k,1-3年,大数据分析工程师,开发/测试/运维类,数据开发
平安金服,深圳平安综合金融服务有限公司,"金融,数据服务",浦东新区,"大平台,绩效奖金,免费体检,免费班车",8k-15k,不限,数据分析岗（数据营销中心）,开发/测试/运维类,数据开发
通联数据,通联数据股份公司,金融,虹口区,有竞争力的薪酬福利,15k-30k,不限,大数据分析工程师,技术,后端开发
微鲸科技,微鲸科技有限公司,移动互联网,浦东新区,弹性工作、绩效奖金、通讯津贴,15k-30k,不限,大数据分析工程师,技术,后端开发
玖玖保资,上海康成电子商务有限公司,"金融,电子商务",浦东新区,"五险一金,节日福利",10k-15k,1-3年,大数据分析工程师,产品/需求/项目类,数据分析
滚球信息,上海滚球信息科技有限公司,"移动互联网,数据服务",浦东新区,"带薪年假,弹性工作,奖金丰厚,人性化管理",10k-20k,3-5年,足彩大数据分析工程师,产品/需求/项目类,数据分析
携程,携程计算机技术（上海）有限公司,"移动互联网,旅游",长宁区,向CEO直线汇报-----像优秀的人靠齐哦,15k-20k,1-3年,大数据分析/?商业分析师---向CEO汇报,开发/测试/运维类,数据开发
思华科技,上海思华科技股份有限公司,移动互联网,浦东新区,五险一金 商业险 带薪事病假,8k-15k,1-3年,大数据分析工程师,开发/测试/运维类,数据开发
诺亚（中国）控股有限公司,上海诺亚金融服务有限公司,金融,杨浦区,"金融,大数据,分析建模",15k-30k,3-5年,大数据分析挖掘工程师,开发/测试/运维类,数据开发
芝舟科技,上海芝舟信息科技有限公司,移动互联网、企业服务,宝山区,不加班，一起成长,15K-20K,1-3年,大数据分析,开发/测试/运维类,数据开发
百融金服,百融（北京）金融信息服务股份有限公司,"金融,数据服务",浦东新区,"弹性工作,福利补贴,五险一金",10k-20k,1-3年,理财端大数据分析经理/高级经理-：上海,市场/商务/销售类,市场/营销
精锐教育,上海精锐教育培训有限公司,教育,普陀区,"做五休二,办公环境好,甲方",15k-20k,1-3年,算法工程师/大数据分析主管,产品/需求/项目类,数据分析
圆通,圆通速递有限公司,"企业服务,数据服务",青浦区,上市公司职能装备研发,20k-30k,3-5年,研发工程师（人脸识别、大数据分析）,开发/测试/运维类,数据开发
GFT,上海寰信网络信息技术有限公司,"移动互联网,金融",,最大限度地发挥你的聪明才智,7k-14k,不限,金融大数据分析培训生,金融,天使投资/VC/PE
平安金服,深圳平安综合金融服务有限公司,"金融,数据服务",浦东新区,"年终奖金,医疗服务,过节福利,年金计划",11k-22k,3-5年,大数据分析稽核专员（上海，投资审计组）,金融类,风控
上海钧派科技,上海钧派商贸有限公司,"企业服务,硬件",徐汇区,"发展空间大,年轻化团队,BI大数据",5k-10k,1-3年,客户销售代表 - BI大数据分析产品,市场/商务/销售类,销售
上海睿宏科技,上海睿宏电子科技发展有限公司,"信息安全,硬件",徐汇区,"BI大数据,可视化分析,发展空间大,年轻化团队",5k-10k,1-3年,客户销售- BI大数据分析产品,市场/商务/销售类,销售
携程,携程计算机技术（上海）有限公司,"移动互联网,旅游",长宁区,熟悉旅游、交通类电商行业优先,10k-20k,1-3年,数据分析(市场/运营),开发/测试/运维类,数据开发
携程,携程计算机技术（上海）有限公司,"移动互联网,旅游",长宁区,国际业务 发展潜力大,12k-20k,1-3年,机票运营数据分析师,运营/编辑/客服,运营
平安金服,深圳平安综合金融服务有限公司,"金融,数据服务",浦东新区,"年终奖金,医疗服务,过节福利,年金计划",20k-40k,5-10年,大数据分析稽核经理（上海，投资审计组）,金融类,风控
拍拍贷,上海拍拍贷金融信息服务有限公司,金融,浦东新区,晋升空间大,12k-18k,3-5年,高级CRM数据分析专家,开发/测试/运维类,数据开发
拍拍贷,上海拍拍贷金融信息服务有限公司,金融,浦东新区,平台空间大，午餐&amp;晚餐,15k-20k,3-5年,产品运营数据分析师,产品/需求/项目类,数据分析
